Segment_ID,Curvature_Type,RX_Horizontal_Sum,LX_Horizontal_Sum,RX_Vertical_Sum,LX_Vertical_Sum
Straight_1,Straight,-9.08,-7.110000000000001,-2.36,10.78
Straight_2,Straight,-4.25,-3.9199999999999995,-3.04,3.4200000000000004
Straight_3,Straight,1.8299999999999998,1.38,-3.95,-7.15
Straight_4,Straight,1.24,1.2799999999999998,-2.23,-3.5300000000000002
Straight_5,Straight,1.67,0.9400000000000001,-3.0599999999999996,-2.32
Straight_6,Straight,1.42,0.68,-1.71,-2.59
Straight_7,Straight,1.6,0.5,-2.17,-2.5700000000000003
Straight_8,Straight,0.98,0.16,-1.13,-1.3
Straight_9,Straight,1.78,-0.24000000000000002,-0.8200000000000001,-3.12
Straight_10,Straight,1.32,0.19,-0.16999999999999998,-2.83
Straight_11,Straight,1.02,0.019999999999999997,0.21000000000000002,-2.89
Straight_12,Straight,1.42,1.98,-2.86,-1.13
Straight_13,Straight,2.09,3.08,-5.1,-0.44
Straight_14,Straight,0.69,1.26,-1.9300000000000002,-0.44999999999999996
Straight_15,Straight,2.69,3.76,-6.7700000000000005,-1.3599999999999999
Straight_16,Straight,3.2,2.47,-4.07,-1.02
Straight_17,Straight,2.93,2.1399999999999997,-3.77,-1.79
Straight_18,Straight,1.7800000000000002,0.8,-0.9299999999999999,-2.6500000000000004
Straight_19,Straight,1.24,0.16,-1.4300000000000002,-2.51
Straight_20,Straight,1.42,0.66,-1.98,-1.0
Straight_21,Straight,0.53,0.27,-0.94,-0.36
Straight_22,Straight,1.87,0.8400000000000001,-2.8699999999999997,-1.4800000000000002
Straight_23,Straight,1.4400000000000002,0.78,-1.7399999999999998,-2.06
Straight_24,Straight,1.28,0.39,-2.74,-2.39
Right_25,Right,1.68,0.38000000000000006,-2.64,-1.8700000000000003
Right_26,Right,1.54,0.33999999999999997,-2.59,-1.9200000000000002
Straight_27,Straight,2.3800000000000003,0.76,-1.0299999999999998,-4.21
Right_28,Right,2.8099999999999996,1.23,0.05000000000000002,-5.89
Straight_29,Straight,3.4000000000000004,0.7600000000000001,-0.020000000000000073,-5.45
Straight_30,Straight,3.5500000000000003,1.6099999999999999,-0.72,-5.040000000000001
Straight_31,Straight,3.94,1.19,-2.71,-5.36
Straight_32,Straight,-8.18,-7.51,13.419999999999998,12.06
Straight_33,Straight,-12.349999999999998,-11.58,-0.6899999999999995,-6.969999999999999
Straight_34,Straight,-8.09,-4.51,-16.51,-9.67
Straight_35,Straight,-0.9200000000000005,-0.42,-17.58,-11.680000000000001
Straight_36,Straight,1.21,-0.39,-19.889999999999997,-16.23
Straight_37,Straight,0.7500000000000001,4.720000000000001,-24.060000000000002,-18.15
Straight_38,Straight,0.55,8.07,-33.160000000000004,-14.86
Straight_39,Straight,0.6599999999999999,11.919999999999998,-61.6,-12.39
Straight_40,Straight,0.22,13.969999999999999,-67.48,-12.58
Straight_41,Straight,0.5,16.05,-61.629999999999995,-11.35
Left_42,Left,0.35,20.48,-50.15,-12.34
Straight_43,Straight,0.62,22.59,-52.42,-12.419999999999998
Straight_44,Straight,0.62,22.04,-64.21000000000001,-12.299999999999999
Straight_45,Straight,0.6299999999999999,17.669999999999998,-67.98,-14.669999999999998
Straight_46,Straight,1.79,14.990000000000002,-62.94,-15.21
Straight_47,Straight,0.8700000000000001,11.41,-59.75,-12.350000000000001
Straight_48,Straight,8.47,9.830000000000002,-50.18000000000001,-13.379999999999999
Straight_49,Straight,10.0,7.54,-37.410000000000004,-12.48
Straight_50,Straight,9.969999999999999,3.66,-27.3,-6.4
Right_51,Right,13.2,-0.8200000000000001,-19.8,-8.37
Right_52,Right,2.5999999999999996,-0.83,-9.48,-1.0899999999999999
Right_53,Right,1.1099999999999999,-0.74,-8.29,-1.18
Right_54,Right,0.75,-0.7000000000000001,-13.02,-8.8
Right_55,Right,1.1,-1.2000000000000002,-17.48,-18.310000000000002
Right_56,Right,1.16,-1.1400000000000001,-16.52,-10.969999999999999
Right_57,Right,0.35,-0.74,-11.379999999999999,-9.36
Right_58,Right,0.009999999999999995,-0.37,-15.440000000000001,-14.030000000000001
Right_59,Right,0.88,2.2199999999999998,-16.97,-13.31
Right_60,Right,4.5,-0.09000000000000001,-11.91,-14.740000000000002
Straight_61,Straight,9.93,0.78,-16.41,-24.97
Straight_62,Straight,17.24,1.1300000000000001,-23.02,-31.669999999999995
Straight_63,Straight,20.630000000000003,-0.06,-19.220000000000002,-29.770000000000003
Straight_64,Straight,27.599999999999994,0.06999999999999998,-25.64,-37.059999999999995
Straight_65,Straight,30.480000000000004,-0.45999999999999996,-27.43,-38.97
Straight_66,Straight,24.16,-0.32,-28.310000000000002,-35.77
Straight_67,Straight,23.540000000000003,0.15,-29.66,-36.9
Straight_68,Straight,28.13,0.37,-33.650000000000006,-42.12
Straight_69,Straight,32.059999999999995,0.51,-34.14,-47.46
Straight_70,Straight,35.660000000000004,0.7000000000000001,-36.19,-45.72
Straight_71,Straight,34.89,0.44000000000000006,-39.28,-46.769999999999996
Straight_72,Straight,39.35,4.47,-40.10000000000001,-50.38
Straight_73,Straight,44.41,13.610000000000003,-43.57000000000001,-51.22
Straight_74,Straight,52.93,14.65,-50.76,-54.89999999999999
Straight_75,Straight,48.08,16.01,-47.62,-56.3
Straight_76,Straight,31.670000000000005,6.160000000000001,-39.56,-46.45
Straight_77,Straight,34.019999999999996,0.5599999999999999,-32.410000000000004,-47.17
Straight_78,Straight,45.97,0.17,-42.550000000000004,-47.75
Straight_79,Straight,46.57,0.52,-45.620000000000005,-46.53
Left_80,Left,33.27,0.5800000000000001,-39.22,-48.550000000000004
Left_81,Left,17.95,-0.32,-21.53,-41.970000000000006
Straight_82,Straight,15.419999999999998,-0.64,-18.72,-33.1
Left_83,Left,10.279999999999998,-0.4599999999999999,-15.17,-26.7
Left_84,Left,1.33,3.84,-20.79,-22.1
Left_85,Left,0.56,13.58,-19.259999999999998,-24.55
Left_86,Left,0.13999999999999999,38.019999999999996,-14.34,-22.29
Straight_87,Straight,-0.55,40.54,-13.46,-18.330000000000002
Left_88,Left,-1.23,38.43,-12.47,-16.189999999999998
Straight_89,Straight,-0.24,11.14,-5.56,-6.69
Left_90,Left,-0.35,3.31,-12.52,-11.28
Left_91,Left,-1.92,-0.8200000000000001,-17.17,-17.28
Straight_92,Straight,-1.06,-0.8899999999999999,-19.4,-18.959999999999997
Left_93,Left,0.13999999999999999,1.2,-36.09,-38.629999999999995
Straight_94,Straight,0.29000000000000004,0.6499999999999999,-22.18,-24.580000000000002
Straight_95,Straight,1.22,0.49,-6.029999999999999,-5.35
Straight_96,Straight,4.68,1.08,-5.57,-10.15
Straight_97,Straight,6.32,1.1400000000000001,-7.0,-10.66
Straight_98,Straight,7.300000000000001,1.28,-6.46,-8.71
Straight_99,Straight,7.73,1.0,-6.47,-10.16
Straight_100,Straight,8.25,0.96,-6.830000000000001,-9.88
Straight_101,Straight,8.46,0.9000000000000001,-7.359999999999999,-10.28
Straight_102,Straight,8.299999999999999,1.52,-6.78,-9.84
Straight_103,Straight,8.03,1.38,-6.880000000000001,-10.09
Straight_104,Straight,7.42,0.6200000000000001,-5.57,-9.32
Straight_105,Straight,7.39,0.74,-6.58,-9.450000000000001
Straight_106,Straight,6.639999999999999,0.81,-7.24,-10.37
Straight_107,Straight,6.66,0.9200000000000002,-7.279999999999999,-9.9
Left_108,Left,5.59,0.66,-6.340000000000001,-9.0
Left_109,Left,1.79,-0.52,-6.989999999999999,-2.83
Straight_110,Straight,1.5399999999999998,0.99,-8.02,-2.45
Left_111,Left,0.8099999999999999,0.27,-4.7700000000000005,-2.6399999999999997
Left_112,Left,1.2100000000000002,1.37,-5.97,-2.3600000000000003
Left_113,Left,0.79,3.95,-9.219999999999999,-1.1199999999999999
Left_114,Left,0.77,6.15,-10.43,-1.9500000000000002
Straight_115,Straight,0.4,6.609999999999999,-11.53,-2.5300000000000002
Straight_116,Straight,0.77,5.96,-10.149999999999999,-2.2
Left_117,Left,1.13,7.279999999999999,-11.4,-2.88
Left_118,Left,1.02,7.24,-11.33,-2.15
Left_119,Left,1.29,7.68,-11.69,-3.8800000000000003
Straight_120,Straight,0.43,3.35,-4.68,-1.4300000000000002
Straight_121,Straight,1.43,7.08,-10.239999999999998,-3.83
Straight_122,Straight,2.5,6.859999999999999,-10.81,-3.78
Straight_123,Straight,0.8899999999999999,3.91,-6.710000000000001,-2.7199999999999998
Straight_124,Straight,0.72,6.569999999999999,-12.019999999999998,-3.6299999999999994
Right_125,Right,0.060000000000000026,5.879999999999999,-11.870000000000001,-3.37
Straight_126,Straight,1.81,6.0600000000000005,-13.56,-3.4
Right_127,Right,-2.05,6.16,-12.81,-3.6500000000000004
Right_128,Right,0.020000000000000018,6.36,-12.219999999999999,-4.109999999999999
Straight_129,Straight,0.51,5.71,-13.780000000000001,-3.3499999999999996
Right_130,Right,1.4000000000000001,5.75,-12.89,-3.1899999999999995
Right_131,Right,2.62,5.1000000000000005,-10.610000000000001,-3.03
Straight_132,Straight,1.13,3.21,-6.83,-1.75
Straight_133,Straight,1.58,2.41,-7.6499999999999995,-2.87
Right_134,Right,0.03,0.9400000000000001,-1.0,-2.68
Right_135,Right,1.02,6.369999999999999,-12.400000000000002,-4.95
Right_136,Right,1.96,1.6600000000000001,-3.4699999999999998,-2.9000000000000004
Right_137,Right,1.2499999999999998,-0.039999999999999994,-0.6100000000000001,-2.45
Right_138,Right,1.35,-0.47,-0.71,-1.22
Straight_139,Straight,1.65,-0.51,-1.2,-1.85
Right_140,Right,1.9,0.2,-4.6499999999999995,-2.0300000000000002
Right_141,Right,0.7600000000000001,2.69,-12.68,-3.8
Straight_142,Straight,0.78,2.8899999999999997,-15.9,-5.8999999999999995
Right_143,Right,0.26,0.99,-8.42,-3.1100000000000003
Straight_144,Straight,-2.3699999999999997,2.58,-8.52,-3.87
Straight_145,Straight,0.36,2.9799999999999995,-4.9799999999999995,-2.71
Right_146,Right,0.82,1.5799999999999998,-5.710000000000001,-4.55
Straight_147,Straight,1.89,0.32999999999999996,-6.15,-8.4
Straight_148,Straight,4.959999999999999,-0.06999999999999999,-8.11,-11.700000000000001
Straight_149,Straight,5.18,0.89,-9.19,-11.34
Straight_150,Straight,4.24,1.29,-8.38,-10.17
Straight_151,Straight,2.71,0.46,-9.39,-5.9399999999999995
Right_152,Right,0.59,-0.45999999999999996,-6.410000000000001,-4.83
Right_153,Right,-7.62,-10.17,15.600000000000001,-14.059999999999999
Right_154,Right,-8.02,1.7,16.8,-11.790000000000001
Right_155,Right,1.1099999999999999,0.44000000000000006,-0.020000000000000906,-11.13
Right_156,Right,5.109999999999999,0.09,-5.95,-3.6799999999999997
Straight_157,Straight,14.22,0.37,-20.689999999999998,-14.74
Straight_158,Straight,0.63,1.15,-39.940000000000005,-38.78
Straight_159,Straight,0.7200000000000001,0.47,-7.619999999999999,-8.21
Left_160,Left,4.85,1.2,-8.05,-10.379999999999999
Left_161,Left,5.699999999999999,1.43,-9.57,-10.03
Straight_162,Straight,6.21,1.73,-10.250000000000002,-10.23
Straight_163,Straight,5.94,1.11,-10.809999999999999,-10.83
Straight_164,Straight,5.83,0.8699999999999999,-8.680000000000001,-10.4
Straight_165,Straight,5.51,1.48,-7.8999999999999995,-10.73
Straight_166,Straight,5.86,1.3399999999999999,-8.25,-9.9
Straight_167,Straight,5.05,1.0,-6.42,-9.1
Straight_168,Straight,6.430000000000001,1.46,-6.580000000000001,-7.07
Straight_169,Straight,6.609999999999999,1.52,-6.11,-6.26
Straight_170,Straight,7.24,1.9,-6.63,-7.3500000000000005
Straight_171,Straight,7.390000000000001,2.29,-5.63,-7.960000000000001
Left_172,Left,6.559999999999999,2.3600000000000003,-5.59,-7.09
Left_173,Left,6.25,2.4000000000000004,-5.489999999999999,-6.86
Left_174,Left,6.210000000000001,2.4,-5.619999999999999,-6.470000000000001
Left_175,Left,6.210000000000001,1.97,-5.93,-6.38
Straight_176,Straight,5.87,1.75,-6.4,-7.82
Left_177,Left,5.54,1.59,-6.73,-8.48
Left_178,Left,5.87,0.81,-8.27,-7.280000000000001
Straight_179,Straight,3.7300000000000004,1.11,-5.57,-2.75
Straight_180,Straight,2.75,0.8400000000000001,-3.75,-4.59
Left_181,Left,2.21,2.12,-7.85,-4.8500000000000005
Left_182,Left,1.31,2.04,-7.720000000000001,-5.71
Straight_183,Straight,1.23,2.14,-7.58,-5.3
Left_184,Left,3.8099999999999996,3.4099999999999997,-7.77,-6.6
Straight_185,Straight,4.92,3.4899999999999998,-7.26,-6.85
Straight_186,Straight,4.92,3.49,-7.26,-6.07
Straight_187,Straight,3.03,2.13,-3.42,-5.130000000000001
Left_188,Left,1.7700000000000002,0.97,-2.5399999999999996,-4.39
Left_189,Left,2.78,0.79,-2.7199999999999998,-4.59
Straight_190,Straight,3.3800000000000003,0.87,-2.05,-4.97
Straight_191,Straight,3.83,1.23,-3.55,-8.34
Right_192,Right,4.1899999999999995,1.59,-5.2700000000000005,-9.4
Right_193,Right,4.57,1.4,-5.6,-7.990000000000001
Right_194,Right,3.31,1.07,-5.529999999999999,-5.15
Right_195,Right,1.4,0.78,-3.23,-2.27
Right_196,Right,2.1,2.67,-8.459999999999999,-3.86
Right_197,Right,2.1,2.63,-8.459999999999999,-4.58
Straight_198,Straight,1.7499999999999998,2.6,-8.13,-4.959999999999999
Straight_199,Straight,1.51,3.04,-9.469999999999999,-3.12
Straight_200,Straight,-3.5999999999999996,-3.4400000000000004,9.94,3.4800000000000004
Straight_201,Straight,-8.149999999999999,-8.73,-7.58,-11.379999999999999
Straight_202,Straight,-4.31,-2.59,-15.35,-14.120000000000001
Straight_203,Straight,-2.2199999999999998,-0.8300000000000001,-20.07,-17.03
Straight_204,Straight,-0.4,-1.0,-18.34,-15.170000000000002
Straight_205,Straight,0.32999999999999996,-0.33999999999999997,-13.69,-12.76
Straight_206,Straight,-0.87,-1.6500000000000001,-16.62,-16.71
Right_207,Right,-1.12,0.66,-15.69,-17.1
Straight_208,Straight,-1.08,0.34000000000000014,-15.419999999999998,-17.119999999999997
Straight_209,Straight,-1.05,-0.62,-16.44,-17.580000000000002
Right_210,Right,-1.0699999999999998,-0.5200000000000001,-16.51,-18.05
Right_211,Right,-2.2800000000000002,0.020000000000000004,-16.1,-15.86
Straight_212,Straight,-2.7,-1.3,-9.23,-15.670000000000002
Straight_213,Straight,-2.67,-1.01,-8.8,-16.590000000000003
Straight_214,Straight,-3.3,1.8900000000000001,-9.37,-17.169999999999998
Straight_215,Straight,-1.1300000000000001,11.620000000000001,-8.299999999999999,-21.02
Straight_216,Straight,0.8600000000000001,15.06,-15.719999999999999,-20.96
Straight_217,Straight,-2.63,-1.08,-18.97,-13.12
Straight_218,Straight,-2.8,-1.1900000000000002,-12.62,-14.329999999999998
Straight_219,Straight,-2.52,1.96,-7.859999999999999,-17.540000000000003
Straight_220,Straight,-3.58,-0.37,-9.75,-15.17
Straight_221,Straight,-0.6399999999999999,-0.84,-12.719999999999999,-13.530000000000001
Straight_222,Straight,0.2399999999999999,-0.54,-16.13,-13.04
Straight_223,Straight,-0.30999999999999994,-0.65,-15.549999999999999,-13.040000000000001
Straight_224,Straight,0.17999999999999994,1.49,-14.01,-15.750000000000002
Straight_225,Straight,-1.96,7.13,-12.549999999999997,-17.47
Straight_226,Straight,-0.7799999999999999,1.8600000000000003,-15.920000000000002,-13.47
Straight_227,Straight,1.23,-0.81,-18.82,-11.870000000000001
Straight_228,Straight,0.77,-1.3900000000000001,-21.28,-14.23
Straight_229,Straight,1.9599999999999997,-1.0,-21.129999999999995,-15.56
Straight_230,Straight,1.71,-0.4,-24.87,-26.47
Straight_231,Straight,2.19,0.38,-24.44,-28.53
Straight_232,Straight,0.26999999999999996,0.5700000000000001,-19.540000000000003,-18.63
Straight_233,Straight,-0.020000000000000018,0.08000000000000004,-16.380000000000003,-17.22
Straight_234,Straight,1.31,0.09999999999999999,-17.65,-17.900000000000002
Straight_235,Straight,-0.38,0.87,-20.03,-18.290000000000003
Straight_236,Straight,0.21999999999999995,0.5900000000000001,-19.560000000000002,-17.29
Straight_237,Straight,1.02,0.25000000000000006,-17.020000000000003,-16.23
Straight_238,Straight,-1.1600000000000001,-0.5800000000000001,-16.5,-14.18
Straight_239,Straight,-4.53,-1.03,-20.39,-13.87
Straight_240,Straight,-2.93,0.0,-16.369999999999997,-15.09
Straight_241,Straight,0.21999999999999992,-1.0700000000000003,-6.43,-16.05
Straight_242,Straight,7.2,-0.64,-11.27,-29.880000000000003
Straight_243,Straight,11.91,-0.11,-16.1,-35.69
Straight_244,Straight,12.55,-0.5,-16.92,-35.75
Straight_245,Straight,12.71,-0.6900000000000001,-15.31,-34.01
Straight_246,Straight,10.629999999999999,-0.07,-28.9,-51.07
Straight_247,Straight,5.29,0.79,-26.130000000000003,-38.03000000000001
Straight_248,Straight,2.47,0.55,-3.0900000000000003,-3.44
Straight_249,Straight,3.04,3.469446951953614e-18,-4.92,-2.36
Straight_250,Straight,3.02,0.31,-4.7700000000000005,-0.07
Straight_251,Straight,2.15,1.15,-3.66,-4.68
Straight_252,Straight,2.61,1.38,-3.8200000000000003,-6.05
Left_253,Left,3.2299999999999995,1.8599999999999999,-5.61,-5.57
Straight_254,Straight,3.35,2.19,-5.550000000000001,-5.03
Straight_255,Straight,3.54,2.26,-5.869999999999999,-4.2
Left_256,Left,2.7099999999999995,1.0799999999999998,-1.91,-4.680000000000001
Straight_257,Straight,0.9299999999999999,0.39,-0.8500000000000001,-1.85
Straight_258,Straight,3.33,1.41,-6.44,-4.8100000000000005
Straight_259,Straight,3.0700000000000003,1.6900000000000002,-5.13,-5.4
Straight_260,Straight,1.79,0.9500000000000001,-1.9,-3.54
Straight_261,Straight,2.02,1.02,-1.51,-4.19
Straight_262,Straight,2.34,0.81,-2.41,-3.7499999999999996
Straight_263,Straight,1.84,0.9700000000000001,-1.96,-3.3100000000000005
Straight_264,Straight,1.5699999999999998,0.6300000000000001,-3.01,-3.63
Straight_265,Straight,1.14,1.61,-8.28,-4.02
Straight_266,Straight,1.61,2.6700000000000004,-10.83,-7.65
Straight_267,Straight,1.44,1.04,-8.26,-6.9799999999999995
Straight_268,Straight,0.27,1.06,-6.23,-7.279999999999999
Straight_269,Straight,0.42000000000000004,0.73,-6.5200000000000005,-6.609999999999999
Straight_270,Straight,1.53,-0.32,-6.66,-8.17
Straight_271,Straight,2.1,0.19999999999999998,-6.930000000000001,-9.709999999999999
Straight_272,Straight,0.49,0.14,-4.8100000000000005,-8.780000000000001
Straight_273,Straight,0.59,0.52,-6.8100000000000005,-3.2699999999999996
Straight_274,Straight,0.6300000000000001,1.58,-7.41,-1.24
Straight_275,Straight,0.2,1.87,-9.51,-1.7600000000000002
Straight_276,Straight,0.22999999999999998,1.56,-9.77,-1.54
Straight_277,Straight,0.01999999999999999,2.64,-9.4,-3.41
Straight_278,Straight,0.09000000000000001,2.7499999999999996,-10.069999999999999,-3.08
Straight_279,Straight,0.16,2.18,-9.77,-2.9
Straight_280,Straight,0.48000000000000004,1.9499999999999997,-9.65,-2.73
Straight_281,Straight,0.6,1.76,-10.370000000000001,-3.2
Straight_282,Straight,0.8600000000000001,1.5699999999999998,-10.02,-1.9
Straight_283,Straight,0.8300000000000001,1.73,-9.59,-1.7900000000000003
Straight_284,Straight,0.81,1.11,-9.590000000000002,-1.1400000000000001
Straight_285,Straight,0.85,1.68,-9.88,-2.3499999999999996
Straight_286,Straight,1.25,1.7,-10.700000000000001,-2.9399999999999995
Straight_287,Straight,1.1400000000000001,1.7499999999999998,-9.910000000000002,-2.61
Right_288,Right,1.2100000000000002,1.64,-9.09,-2.18
Straight_289,Straight,1.56,1.4,-9.09,-1.6300000000000001
Right_290,Right,1.84,2.09,-9.15,-2.23
Straight_291,Straight,1.6300000000000001,2.04,-9.129999999999999,-3.09
Straight_292,Straight,-2.92,-2.77,4.0,4.38
Straight_293,Straight,-0.88,-4.38,-1.8999999999999997,-11.510000000000002
Straight_294,Straight,2.2,-0.8400000000000001,-13.49,-13.399999999999999
Straight_295,Straight,-1.3,0.07999999999999999,-6.13,-7.13
Right_296,Right,-1.2,0.43999999999999995,-9.959999999999999,-10.76
Straight_297,Straight,-0.020000000000000018,0.11999999999999997,-8.35,-11.01
Right_298,Right,2.8200000000000003,0.26999999999999996,-9.2,-9.75
Straight_299,Straight,0.7499999999999999,-0.48000000000000004,-8.43,-12.3
Right_300,Right,-1.25,-0.77,-8.63,-14.07
Straight_301,Straight,-4.25,-1.1300000000000001,-13.21,-16.89
Straight_302,Straight,-0.31000000000000005,-0.74,-10.2,-20.39
Straight_303,Straight,5.34,0.05,-13.030000000000001,-31.159999999999993
Straight_304,Straight,8.44,-0.12000000000000001,-14.370000000000001,-30.07
Straight_305,Straight,9.17,-0.64,-14.100000000000001,-29.129999999999995
Straight_306,Straight,9.29,-0.67,-9.32,-29.23
Straight_307,Straight,8.4,-0.9199999999999999,-9.66,-26.100000000000005
Straight_308,Straight,1.8499999999999999,-0.8,-6.630000000000001,-9.45
Straight_309,Straight,0.7999999999999999,-1.5799999999999998,-2.65,-0.44
Straight_310,Straight,-0.04000000000000001,-1.41,-1.44,-1.9600000000000002
Straight_311,Straight,-0.37000000000000005,-1.23,0.01999999999999999,-1.1700000000000002
Straight_312,Straight,-0.49,-1.77,0.39,-0.8999999999999999
Straight_313,Straight,-1.5199999999999998,-1.5200000000000002,0.32,-0.48000000000000004
Straight_314,Straight,-0.22000000000000003,-1.27,-0.75,-1.56
Left_315,Left,0.18000000000000002,-1.5,-1.87,-1.6099999999999999
Left_316,Left,0.27,-1.55,-1.67,-1.7899999999999998
Left_317,Left,-0.45,-1.9600000000000002,-0.7100000000000001,-1.34
Straight_318,Straight,0.10999999999999999,-1.04,-0.8300000000000001,-0.52
Straight_319,Straight,0.26,-1.74,-1.1,-1.05
Straight_320,Straight,-0.06,-0.87,-0.15999999999999998,-0.2
Straight_321,Straight,-0.15000000000000002,-1.84,-0.9,0.11
Straight_322,Straight,-0.33999999999999997,-1.9500000000000002,-1.21,0.26
Straight_323,Straight,0.01999999999999999,-1.63,-0.8800000000000001,-0.8899999999999999
Straight_324,Straight,23.03,-0.02999999999999997,-18.46,-20.4
Straight_325,Straight,16.66,2.4600000000000004,-38.11,-42.54
Straight_326,Straight,1.61,0.26,-4.45,-2.53
Straight_327,Straight,1.5199999999999998,0.24000000000000005,-2.4899999999999998,-1.68
Straight_328,Straight,1.87,0.1,-3.04,-2.1100000000000003
Straight_329,Straight,-0.6699999999999999,-2.42,0.43999999999999995,-7.42
Straight_330,Straight,-6.329999999999999,-8.01,2.3000000000000003,-29.680000000000003
Straight_331,Straight,2.96,1.11,-25.43,-31.45
Straight_332,Straight,1.47,4.3,-34.410000000000004,-37.449999999999996
Straight_333,Straight,-0.25,8.92,-39.19,-38.89999999999999
Straight_334,Straight,-0.86,9.969999999999999,-41.699999999999996,-40.44
Straight_335,Straight,-0.11999999999999997,4.68,-34.29,-29.87
Straight_336,Straight,-0.96,1.4500000000000004,-37.45,-36.03
Straight_337,Straight,-1.85,-0.86,-28.13,-28.480000000000004
Straight_338,Straight,-0.2,-0.33,-30.810000000000002,-27.060000000000002
Straight_339,Straight,0.85,-0.55,-28.839999999999996,-25.49
Straight_340,Straight,4.569999999999999,0.29,-33.910000000000004,-28.32
Straight_341,Straight,4.390000000000001,-0.22,-39.64999999999999,-32.49
Straight_342,Straight,3.68,0.22,-38.6,-36.99
Straight_343,Straight,3.5700000000000003,0.89,-32.61000000000001,-32.24
Straight_344,Straight,0.38,4.4799999999999995,-4.99,-4.39
Straight_345,Straight,1.28,23.380000000000003,-17.47,-17.259999999999998
Straight_346,Straight,1.77,24.759999999999998,-16.85,-16.54
Straight_347,Straight,2.71,21.92,-17.66,-15.670000000000002
Straight_348,Straight,1.3599999999999999,20.729999999999997,-16.97,-15.990000000000002
Straight_349,Straight,1.6400000000000001,23.890000000000004,-13.89,-14.7
Straight_350,Straight,1.5499999999999998,23.810000000000002,-16.619999999999997,-14.57
Straight_351,Straight,2.04,13.439999999999998,-12.03,-10.79
Straight_352,Straight,-0.37,6.96,-20.389999999999997,-7.819999999999999
Straight_353,Straight,-0.69,9.010000000000002,-23.72,-9.71
Straight_354,Straight,-0.25,9.020000000000001,-22.3,-10.43
Straight_355,Straight,0.51,2.67,-7.779999999999999,-3.45
Straight_356,Straight,2.35,4.0600000000000005,-13.700000000000001,-6.51
Straight_357,Straight,2.37,1.19,-8.76,-10.52
Straight_358,Straight,11.77,-0.38,-18.54,-28.71
Straight_359,Straight,15.929999999999998,-0.62,-23.5,-35.25
Straight_360,Straight,17.94,-0.33,-23.81,-34.63
Straight_361,Straight,20.63,-0.12999999999999998,-25.159999999999997,-35.77
Straight_362,Straight,16.310000000000002,-0.22,-17.11,-23.95
Straight_363,Straight,25.55,-0.04000000000000001,-25.490000000000002,-35.7
Straight_364,Straight,25.889999999999997,-0.19999999999999998,-24.72,-36.71
Straight_365,Straight,25.81,-0.36,-24.09,-34.75
Straight_366,Straight,25.08,0.029999999999999995,-22.990000000000002,-32.93
Straight_367,Straight,29.51,0.69,-35.85,-51.42
Straight_368,Straight,20.59,0.6200000000000001,-28.17,-35.57
Straight_369,Straight,4.0,1.69,-20.72,-20.669999999999998
Left_370,Left,2.7799999999999994,8.62,-51.19,-24.27
Left_371,Left,0.55,10.72,-48.99999999999999,-25.9
Left_372,Left,1.08,16.7,-46.94,-31.36
Left_373,Left,0.0,18.14,-51.06,-34.39
Left_374,Left,0.6100000000000001,19.84,-45.72,-37.47
Straight_375,Straight,0.7600000000000002,1.68,-16.61,-15.409999999999998
Left_376,Left,0.31,-0.24000000000000002,-14.0,-15.02
Left_377,Left,0.7700000000000001,-0.33,-11.19,-13.97
Left_378,Left,3.16,0.03,-10.97,-16.26
Straight_379,Straight,2.4400000000000004,0.39,-16.59,-18.189999999999998
Straight_380,Straight,1.1199999999999999,13.01,-33.3,-30.830000000000002
Right_381,Right,0.41000000000000003,22.560000000000002,-39.839999999999996,-35.4
Straight_382,Straight,1.33,26.679999999999996,-57.2,-34.93
Right_383,Right,0.12,24.979999999999997,-41.5,-30.139999999999997
Right_384,Right,-0.020000000000000004,28.509999999999998,-49.89,-34.99
Straight_385,Straight,0.06999999999999999,22.11,-42.18,-26.930000000000003
Straight_386,Straight,3.4000000000000004,1.6300000000000001,-14.510000000000002,-18.509999999999998
Straight_387,Straight,11.33,0.6,-20.3,-29.590000000000003
Straight_388,Straight,22.25,0.88,-26.919999999999998,-58.669999999999995
Straight_389,Straight,28.53,1.29,-30.360000000000003,-75.26
Straight_390,Straight,25.939999999999998,1.1300000000000001,-26.919999999999998,-40.87
Straight_391,Straight,4.0200000000000005,1.14,-19.08,-19.709999999999997
Straight_392,Straight,-1.5699999999999998,1.82,-17.23,-16.020000000000003
Right_393,Right,-0.18,0.22000000000000003,-6.29,-5.07
Right_394,Right,2.75,-0.05999999999999997,-19.04,-18.86
Right_395,Right,16.599999999999998,0.31999999999999995,-28.229999999999997,-44.13
Straight_396,Straight,22.83,0.69,-36.54,-59.010000000000005
Straight_397,Straight,26.400000000000002,1.5000000000000002,-39.82000000000001,-39.5
Straight_398,Straight,25.78,0.86,-26.92,-59.34
Left_399,Left,13.09,0.41999999999999993,-31.5,-37.559999999999995
Left_400,Left,-0.47,6.45,-11.59,-11.65
Straight_401,Straight,-0.48000000000000004,32.58,-46.74000000000001,-43.349999999999994
Straight_402,Straight,-1.5499999999999998,23.959999999999997,-48.550000000000004,-34.52
Straight_403,Straight,-1.49,34.28,-45.66,-40.1
Straight_404,Straight,-5.1,35.31,-36.96,-37.39
Straight_405,Straight,-1.97,31.310000000000002,-38.64,-35.33
Straight_406,Straight,1.5899999999999999,5.72,-21.93,-21.16
Left_407,Left,1.88,-0.33999999999999997,-18.89,-19.71
Straight_408,Straight,4.790000000000001,0.15,-30.150000000000002,-27.32
Straight_409,Straight,4.890000000000001,1.23,-11.899999999999999,-16.21
Straight_410,Straight,-0.9600000000000002,-0.42000000000000004,-7.360000000000001,-11.169999999999998
Straight_411,Straight,1.32,5.859999999999999,-22.05,-22.27
Right_412,Right,1.4300000000000002,16.56,-34.14,-31.19
Right_413,Right,0.7,8.389999999999999,-22.439999999999998,-16.85
Right_414,Right,-0.05000000000000002,1.74,-11.16,-8.459999999999999
Right_415,Right,-0.33999999999999997,15.900000000000002,-30.91,-16.84
Straight_416,Straight,0.7,4.25,-11.790000000000001,-5.5
Straight_417,Straight,1.0299999999999998,4.79,-8.889999999999999,-0.9199999999999998
Straight_418,Straight,0.24000000000000005,1.9299999999999997,-3.48,-0.5900000000000001
Straight_419,Straight,2.34,-0.52,-2.42,-0.6800000000000002
Straight_420,Straight,-5.4,-5.67,13.8,8.09
Straight_421,Straight,-4.47,-3.6,6.67,1.0299999999999998
Straight_422,Straight,1.3,0.65,0.12000000000000002,-4.1899999999999995
Right_423,Right,8.110000000000001,2.5,-4.890000000000001,-10.34
Straight_424,Straight,9.28,2.3600000000000003,-6.11,-13.080000000000002
Straight_425,Straight,8.26,1.34,-7.32,-10.790000000000001
Right_426,Right,7.88,0.8999999999999999,-7.28,-10.07
Right_427,Right,7.339999999999999,0.8300000000000001,-7.53,-11.47
Right_428,Right,6.71,0.38000000000000006,-8.309999999999999,-9.69
Straight_429,Straight,2.57,0.27,-7.529999999999999,-3.2199999999999998
Straight_430,Straight,2.1999999999999997,1.1600000000000001,-5.49,-2.9099999999999997
Straight_431,Straight,0.09000000000000008,5.3999999999999995,-0.7799999999999998,-1.82
Straight_432,Straight,3.6599999999999997,4.82,-7.56,-2.9799999999999995
Straight_433,Straight,3.6599999999999997,4.67,-7.56,-3.12
Left_434,Left,3.6599999999999997,5.12,-7.56,-3.7800000000000002
Left_435,Left,3.6199999999999997,4.29,-7.68,-2.8
Left_436,Left,2.37,1.0,-0.9800000000000003,-0.35
Left_437,Left,1.1600000000000001,0.32999999999999996,2.66,0.6899999999999998
Left_438,Left,0.8200000000000001,-0.15,-0.19,-1.32
Straight_439,Straight,0.95,-0.019999999999999997,-0.82,-0.69
Straight_440,Straight,2.07,-0.2,-2.43,-0.21
Straight_441,Straight,1.77,-0.13,-1.23,-0.5800000000000001
Right_442,Right,0.91,-0.06,-0.4,-0.25
Right_443,Right,1.46,-0.06999999999999999,-0.84,-1.26
Right_444,Right,1.19,0.56,-0.67,-3.85
Right_445,Right,0.5700000000000001,0.6699999999999999,-0.7,-3.5000000000000004
Straight_446,Straight,0.6799999999999999,0.34,-3.08,-2.3099999999999996
Straight_447,Straight,1.23,1.23,-6.9,-3.19
Straight_448,Straight,1.2800000000000002,1.3299999999999998,-6.66,-2.71
Straight_449,Straight,2.1,0.53,-3.0800000000000005,-3.6799999999999997
Straight_450,Straight,1.93,0.36,-1.72,-4.529999999999999
Straight_451,Straight,2.58,0.9,-4.83,-5.790000000000001
Straight_452,Straight,1.6300000000000001,1.03,-2.4799999999999995,-7.11
Straight_453,Straight,1.51,0.74,-3.52,-5.510000000000001
Straight_454,Straight,0.030000000000000027,-1.9300000000000002,-0.9799999999999995,-0.06000000000000005
Straight_455,Straight,-8.690000000000001,-11.84,17.55,13.5
Straight_456,Straight,-8.95,-11.48,17.630000000000003,13.5
Straight_457,Straight,-8.620000000000001,-11.7,17.130000000000003,13.5
Straight_458,Straight,-9.73,-11.959999999999999,13.81,11.040000000000001
Straight_459,Straight,-10.440000000000001,-11.99,17.39,-7.02
Straight_460,Straight,-10.58,-12.329999999999998,17.67,-7.02
Straight_461,Straight,-9.06,-12.47,14.599999999999998,-7.02
Straight_462,Straight,-6.510000000000002,-10.26,14.95,-7.02
Straight_463,Straight,-5.859999999999999,-8.86,13.850000000000001,-7.02
Straight_464,Straight,-6.94,-9.91,9.09,-8.03
Straight_465,Straight,-3.11,-3.96,-9.999999999999998,-14.1
Straight_466,Straight,0.79,-0.05999999999999999,-8.14,-14.320000000000002
Straight_467,Straight,1.04,-0.11,-7.720000000000001,-14.790000000000001
Straight_468,Straight,1.1900000000000002,-0.49,-7.579999999999999,-15.000000000000002
Straight_469,Straight,-0.47,1.3800000000000001,-11.080000000000002,-17.05
Straight_470,Straight,0.8799999999999999,5.0600000000000005,-21.67,-18.84
Straight_471,Straight,1.21,6.539999999999999,-17.93,-18.000000000000004
Straight_472,Straight,1.73,5.52,-21.990000000000002,-11.229999999999999
Straight_473,Straight,-0.8700000000000001,3.71,-27.709999999999997,-17.939999999999998
Right_474,Right,-1.53,0.32999999999999996,-18.21,-13.899999999999999
Straight_475,Straight,-1.6600000000000001,0.51,-17.33,-15.25
Straight_476,Straight,-1.23,-0.08,-17.080000000000002,-14.079999999999998
Straight_477,Straight,-0.78,-0.14,-17.799999999999997,-14.84
Straight_478,Straight,0.07999999999999997,0.88,-24.98,-21.67
Straight_479,Straight,0.06,0.22,-1.93,-2.49
Straight_480,Straight,1.61,0.8200000000000001,-1.45,-3.4
Straight_481,Straight,2.36,1.1,-2.3,-3.5400000000000005
Straight_482,Straight,1.09,0.20999999999999996,-1.73,-2.8899999999999997
Straight_483,Straight,-0.17000000000000004,-0.25,-4.13,-0.8700000000000001
Straight_484,Straight,1.0,0.58,-7.45,0.48
Straight_485,Straight,1.48,0.53,-10.34,2.7800000000000002
Straight_486,Straight,1.11,0.55,-9.0,2.89
Straight_487,Straight,0.9400000000000002,0.18,-6.869999999999999,2.2500000000000004
Straight_488,Straight,0.72,-0.16,-3.8500000000000005,0.9400000000000001
Straight_489,Straight,0.61,0.14,-4.2700000000000005,-1.16
Straight_490,Straight,0.71,-0.35000000000000003,-4.930000000000001,0.48
Straight_491,Straight,0.7100000000000001,-0.28,-2.95,0.8200000000000001
Straight_492,Straight,0.65,0.12,-2.36,-0.1
Straight_493,Straight,0.6000000000000001,0.029999999999999992,-1.7100000000000002,-0.75
Straight_494,Straight,0.7300000000000001,0.26,-0.10999999999999999,-1.97
Straight_495,Straight,1.7999999999999998,1.33,0.22,-4.1899999999999995
Straight_496,Straight,2.23,1.13,-0.09000000000000002,-4.739999999999999
Straight_497,Straight,1.7499999999999998,0.6900000000000001,1.79,-4.23
Straight_498,Straight,0.8699999999999999,-0.4,0.98,-2.02
Straight_499,Straight,0.55,-0.77,-3.02,-0.18000000000000002
Straight_500,Straight,0.5900000000000001,-0.08000000000000004,-7.49,0.51
Straight_501,Straight,0.24,0.7,-7.4399999999999995,0.47
Straight_502,Straight,0.42000000000000004,0.35000000000000003,-8.29,0.75
Straight_503,Straight,0.7899999999999999,0.03,-6.33,-0.43
Straight_504,Straight,0.09999999999999999,0.42,-3.96,-0.5399999999999999
Straight_505,Straight,0.46,0.53,-3.84,-0.66
Left_506,Left,0.4,0.7400000000000001,-3.48,-0.9299999999999999
Left_507,Left,0.62,-0.09,-4.46,0.6699999999999999
Straight_508,Straight,0.91,0.10000000000000002,-6.569999999999999,-0.010000000000000009
Straight_509,Straight,1.6900000000000002,0.47,-7.57,2.12
Straight_510,Straight,1.1600000000000001,0.89,-5.99,1.0699999999999998
Straight_511,Straight,1.51,1.02,-6.6,-0.23999999999999994
Straight_512,Straight,0.76,-0.07,-2.7100000000000004,-0.65
Right_513,Right,0.7100000000000001,-0.33,-2.7900000000000005,-0.38
Straight_514,Straight,0.78,-0.18000000000000002,-3.34,-0.43999999999999995
Straight_515,Straight,0.29000000000000004,-0.14,-2.19,-1.21
Straight_516,Straight,0.94,3.6799999999999997,-13.11,-10.73
Straight_517,Straight,1.22,4.94,-15.110000000000001,-8.850000000000001
Straight_518,Straight,1.2799999999999998,3.7600000000000007,-12.649999999999999,-4.359999999999999
Straight_519,Straight,1.21,3.66,-12.370000000000001,-4.62
Straight_520,Straight,1.5500000000000003,1.3399999999999999,-9.0,-7.719999999999999
Right_521,Right,0.97,-0.41000000000000003,-0.41999999999999993,-1.06
Straight_522,Straight,3.2600000000000002,0.07999999999999999,-0.37999999999999995,-4.2
Straight_523,Straight,2.6199999999999997,-0.09,-0.87,-4.23
Straight_524,Straight,1.31,-0.22,-1.8400000000000003,0.6399999999999999
Straight_525,Straight,1.8300000000000003,1.3877787807814457e-17,-3.62,0.6699999999999999
Straight_526,Straight,1.54,0.08000000000000002,-3.49,0.48
Straight_527,Straight,0.9900000000000001,-0.09,-3.3200000000000003,0.77
Right_528,Right,0.28,0.6399999999999999,-1.2899999999999998,0.21000000000000008
Straight_529,Straight,1.73,1.06,2.57,-4.5200000000000005
Straight_530,Straight,3.58,0.99,0.5499999999999999,-6.840000000000001
Straight_531,Straight,4.140000000000001,1.49,-0.23000000000000004,-8.26
Straight_532,Straight,3.54,1.24,-0.26,-5.369999999999999
Left_533,Left,3.1199999999999997,1.1500000000000001,-0.06,-5.86
Straight_534,Straight,1.97,0.52,1.2100000000000002,-4.86
Straight_535,Straight,1.68,-0.14,-3.5700000000000003,-0.17999999999999994
Straight_536,Straight,1.29,0.51,-4.71,0.7899999999999999
Straight_537,Straight,1.56,0.08,-3.68,0.9400000000000001
Straight_538,Straight,1.8400000000000003,0.62,-4.37,-0.52
Straight_539,Straight,2.1,-0.06999999999999999,-3.72,0.16
Left_540,Left,1.1,0.35,-4.76,-0.37
Left_541,Left,1.47,0.84,-4.0200000000000005,-1.04
Left_542,Left,1.69,0.36,-3.37,0.56
Left_543,Left,0.22000000000000003,0.07,-1.66,0.59
Straight_544,Straight,0.6300000000000001,0.28,-3.0,0.33999999999999997
Straight_545,Straight,0.38,0.18000000000000002,-0.99,-0.36
Straight_546,Straight,0.46,-1.734723475976807e-18,-3.95,0.75
Straight_547,Straight,-0.21,-0.049999999999999975,-3.4400000000000004,0.76
Straight_548,Straight,-0.23999999999999996,0.09000000000000002,-1.12,-0.15000000000000002
Straight_549,Straight,0.06000000000000001,-0.06,-0.45999999999999996,0.22000000000000003
Straight_550,Straight,0.21000000000000002,0.24000000000000002,-0.53,0.83
Straight_551,Straight,-1.1,-1.7000000000000002,-6.29,-3.8299999999999996
Straight_552,Straight,-6.9399999999999995,-11.129999999999999,-32.800000000000004,-29.53
Straight_553,Straight,19.84,-1.3900000000000001,-37.38,-21.999999999999996
Right_554,Right,4.659999999999999,22.900000000000002,-49.440000000000005,-31.680000000000003
Straight_555,Straight,2.09,24.759999999999998,-42.96,-34.35
Straight_556,Straight,3.7099999999999995,16.77,-28.03,-33.87
Straight_557,Straight,1.31,0.63,-27.15,-42.199999999999996
Straight_558,Straight,2.66,-1.69,-12.82,-34.52
Left_559,Left,3.42,-0.62,-9.23,-31.049999999999997
Straight_560,Straight,3.14,0.79,-10.69,-8.46
Straight_561,Straight,4.0600000000000005,0.93,-8.49,-5.699999999999999
Straight_562,Straight,3.86,1.05,-7.070000000000001,-4.45
Straight_563,Straight,4.16,1.17,-7.58,-4.36
Straight_564,Straight,3.31,0.78,-7.2,-3.66
Straight_565,Straight,2.45,0.76,-8.82,-4.82
Straight_566,Straight,3.2800000000000002,1.13,-9.22,-6.8100000000000005
Straight_567,Straight,4.72,1.01,-9.67,-8.799999999999999
Straight_568,Straight,3.9100000000000006,0.64,-8.84,-7.7700000000000005
Straight_569,Straight,2.17,0.41000000000000003,-8.31,-8.03
Straight_570,Straight,1.7,0.82,-7.67,-6.390000000000001
Straight_571,Straight,0.82,0.8,-8.5,-4.06
Straight_572,Straight,-0.31,5.94,-24.580000000000002,-8.86
Straight_573,Straight,-0.22,7.94,-31.28,-12.75
Straight_574,Straight,0.36,5.77,-29.48,-11.72
Straight_575,Straight,0.6699999999999999,5.38,-21.27,-7.39
Straight_576,Straight,1.9900000000000002,-0.56,-5.21,-2.2199999999999998
Straight_577,Straight,0.7200000000000001,-0.8599999999999999,-3.21,-1.3399999999999999
Straight_578,Straight,-0.53,-0.12,-2.96,-3.7
Straight_579,Straight,6.58,-0.8400000000000001,-11.8,-27.169999999999998
Straight_580,Straight,9.919999999999998,-0.65,-21.080000000000002,-41.769999999999996
Straight_581,Straight,9.93,-0.68,-20.200000000000003,-36.47
Straight_582,Straight,5.02,-1.01,-9.51,-20.26
Straight_583,Straight,3.4800000000000004,-0.01,-6.3,-15.81
Right_584,Right,-0.11,0.3,-1.3599999999999999,-0.9099999999999999
Straight_585,Straight,-0.32,5.590000000000001,-6.989999999999999,-0.72
Straight_586,Straight,-0.64,6.97,-9.82,-1.6799999999999997
Straight_587,Straight,1.02,6.769999999999999,-10.54,-1.7300000000000002
Straight_588,Straight,1.5899999999999999,1.0199999999999998,-2.1199999999999997,-0.35000000000000003
Straight_589,Straight,1.08,-0.04999999999999999,-1.51,0.33
Left_590,Left,0.66,2.58,-3.23,-0.48
Left_591,Left,0.30000000000000004,7.65,-11.34,-2.99
Left_592,Left,0.07000000000000002,7.260000000000001,-13.719999999999999,-3.3600000000000003
Left_593,Left,1.8900000000000001,3.42,-10.099999999999998,-2.31
Straight_594,Straight,0.8600000000000001,-0.5399999999999999,-1.3800000000000001,-0.6800000000000002
Straight_595,Straight,1.85,-0.31000000000000005,-6.6,-7.15
Straight_596,Straight,3.9000000000000004,0.8300000000000001,-15.889999999999999,-21.24
Right_597,Right,6.2299999999999995,-0.6100000000000001,-0.2500000000000001,-7.300000000000001
Straight_598,Straight,8.27,-0.18,-1.6700000000000002,-9.459999999999999
Straight_599,Straight,8.49,0.0,-1.46,-10.309999999999999
Straight_600,Straight,9.13,-0.33,-2.3600000000000003,-9.36
Straight_601,Straight,5.67,-0.45999999999999996,-3.41,-6.950000000000001
Straight_602,Straight,2.74,0.16999999999999998,-7.2700000000000005,-1.8599999999999999
Straight_603,Straight,1.16,1.84,-6.800000000000001,-0.68
Straight_604,Straight,1.27,5.16,-14.33,-1.67
Straight_605,Straight,1.9,6.64,-14.19,-2.5500000000000003
Straight_606,Straight,2.41,6.18,-14.469999999999999,-2.18
Straight_607,Straight,2.21,6.28,-14.149999999999999,-2.05
Left_608,Left,2.8899999999999997,5.239999999999999,-13.439999999999998,-0.99
Left_609,Left,2.63,3.38,-10.709999999999999,-1.61
Left_610,Left,1.16,0.5800000000000001,-3.8500000000000005,-1.35
Straight_611,Straight,1.34,0.9400000000000001,-5.16,-1.8100000000000003
Straight_612,Straight,2.6199999999999997,1.58,-8.52,-3.27
Straight_613,Straight,2.28,1.4900000000000002,-7.129999999999999,-2.48
Straight_614,Straight,2.19,1.5699999999999998,-6.27,-2.79
Right_615,Right,2.2899999999999996,1.79,-8.23,-3.9499999999999997
Right_616,Right,1.9500000000000002,1.8800000000000001,-6.1899999999999995,-3.3
Right_617,Right,1.88,1.2499999999999998,-6.290000000000001,-0.8
Right_618,Right,1.66,0.74,-5.5,-0.12000000000000001
Right_619,Right,1.79,1.1800000000000002,-5.210000000000001,-1.05
Straight_620,Straight,1.71,1.79,-5.709999999999999,-2.4000000000000004
Straight_621,Straight,2.16,2.06,-6.1499999999999995,-2.76
Straight_622,Straight,1.8,2.17,-6.220000000000001,-2.58
Straight_623,Straight,1.83,2.27,-5.8999999999999995,-1.6500000000000001
Straight_624,Straight,2.16,1.6,-7.69,-1.07
Straight_625,Straight,2.7199999999999998,2.51,-8.950000000000001,-0.14
Straight_626,Straight,2.74,2.68,-8.049999999999999,-1.6800000000000002
Straight_627,Straight,2.5,2.5100000000000002,-8.61,-1.84
Straight_628,Straight,2.74,3.13,-8.6,-3.08
Straight_629,Straight,3.0,3.2800000000000002,-9.48,-3.3200000000000003
Straight_630,Straight,2.92,2.88,-10.790000000000001,-4.09
Straight_631,Straight,1.22,0.95,-7.150000000000002,-2.9099999999999997
Straight_632,Straight,-0.9700000000000001,-0.07,-0.39,-1.1599999999999997
Straight_633,Straight,3.41,1.3,1.0299999999999998,-6.4
Straight_634,Straight,7.900000000000001,1.87,-2.07,-9.75
Straight_635,Straight,7.95,1.85,-1.85,-11.469999999999999
Straight_636,Straight,8.25,2.33,-2.27,-13.200000000000001
Straight_637,Straight,7.25,2.2,-1.11,-11.8
Right_638,Right,7.19,1.8599999999999999,-1.41,-10.49
Straight_639,Straight,6.369999999999999,1.92,-0.3499999999999999,-10.23
Straight_640,Straight,5.27,1.27,-1.09,-6.160000000000001
Straight_641,Straight,3.81,0.77,-2.42,-1.3877787807814457e-17
Straight_642,Straight,2.6999999999999997,1.3699999999999999,-1.4799999999999998,-1.2400000000000002
Straight_643,Straight,2.83,1.32,-1.02,-1.46
Straight_644,Straight,3.0100000000000002,2.09,-2.32,-3.0100000000000002
Straight_645,Straight,2.35,1.4400000000000002,-2.6199999999999997,-2.48
Left_646,Left,3.1599999999999997,1.45,-3.34,-2.47
Straight_647,Straight,3.6100000000000003,2.0300000000000002,-3.5,-3.71
Left_648,Left,3.77,2.4099999999999997,-5.2,-3.34
Straight_649,Straight,1.36,1.58,-1.56,-2.35
Straight_650,Straight,2.26,3.2,-3.92,-5.0
Straight_651,Straight,1.8,2.4899999999999998,-6.34,-2.9400000000000004
Straight_652,Straight,2.36,2.67,-7.5,-4.130000000000001
Straight_653,Straight,2.1399999999999997,4.4799999999999995,-8.94,-2.64
Straight_654,Straight,1.69,3.2399999999999998,-11.089999999999998,-2.25
Straight_655,Straight,1.58,3.9200000000000004,-10.229999999999999,-2.12
Straight_656,Straight,2.21,3.65,-9.64,-2.61
Straight_657,Straight,1.81,2.15,-5.619999999999999,-2.44
Straight_658,Straight,1.07,1.02,-3.0300000000000002,-2.9
Straight_659,Straight,2.7800000000000002,0.9199999999999999,-1.8199999999999998,-3.86
Straight_660,Straight,4.990000000000001,1.38,-2.9200000000000004,-5.33
Straight_661,Straight,4.56,1.08,-2.12,-4.82
Straight_662,Straight,4.870000000000001,1.15,-2.7600000000000002,-5.550000000000001
Straight_663,Straight,4.99,1.25,-2.29,-5.25
Straight_664,Straight,5.8,1.7100000000000002,-2.09,-9.72
Straight_665,Straight,6.52,1.7800000000000002,-2.12,-12.399999999999999
Straight_666,Straight,6.66,1.81,-1.1600000000000001,-12.21
Straight_667,Straight,6.37,2.05,-0.43000000000000005,-11.370000000000001
Straight_668,Straight,3.8000000000000003,1.4600000000000002,0.37,-9.17
Straight_669,Straight,2.1,1.63,-2.52,-2.24
Straight_670,Straight,1.5,2.66,-6.37,-1.92
Straight_671,Straight,1.18,3.2600000000000002,-8.12,-2.2800000000000002
Straight_672,Straight,1.8399999999999999,4.23,-9.42,-3.12
Straight_673,Straight,2.18,3.4799999999999995,-3.31,-3.1600000000000006
Straight_674,Straight,-3.4400000000000004,-4.15,-8.27,6.99
Straight_675,Straight,-1.9499999999999997,-1.0799999999999998,-10.719999999999999,-7.62
Left_676,Left,-0.5900000000000001,0.10999999999999993,-16.89,-11.53
Straight_677,Straight,1.28,-0.44,-13.64,-15.09
Left_678,Left,3.25,-0.06999999999999999,-15.64,-19.74
Straight_679,Straight,2.62,-0.09,-16.14,-15.81
Straight_680,Straight,1.57,1.39,-14.84,-17.88
Straight_681,Straight,-0.48,0.1,-13.73,-25.18
Straight_682,Straight,-0.12,0.37,-23.630000000000003,-20.560000000000002
Straight_683,Straight,1.28,1.06,-24.509999999999998,-22.02
Straight_684,Straight,0.8299999999999997,-1.68,-29.54,-28.659999999999997
Straight_685,Straight,0.38999999999999996,-1.8200000000000003,-17.130000000000003,-12.879999999999999
Straight_686,Straight,1.6099999999999999,-0.26,-9.049999999999999,-12.62
Straight_687,Straight,1.88,0.41000000000000003,-10.67,-9.850000000000001
Straight_688,Straight,2.48,1.79,-12.369999999999997,-12.510000000000002
Straight_689,Straight,1.1299999999999997,10.07,-18.64,-14.41
Straight_690,Straight,-0.3,17.7,-34.199999999999996,-23.55
Straight_691,Straight,-0.01999999999999999,10.19,-36.0,-22.16
Straight_692,Straight,0.7400000000000001,9.1,-8.93,-9.0
Straight_693,Straight,2.19,0.8599999999999999,-19.4,-5.890000000000001
Straight_694,Straight,-2.9399999999999995,3.3600000000000003,-24.11,-5.6
Straight_695,Straight,-3.6,3.86,-14.629999999999999,-8.96
Straight_696,Straight,-0.020000000000000018,-0.5700000000000001,-7.97,-10.380000000000003
Straight_697,Straight,10.219999999999999,-0.009999999999999995,-8.45,-19.49
Straight_698,Straight,7.340000000000001,-1.35,-9.02,-12.489999999999998
Straight_699,Straight,8.17,-1.3900000000000001,-12.7,-17.96
Straight_700,Straight,6.14,-2.12,-11.62,-13.26
Right_701,Right,-0.77,-0.81,-3.3,-2.59
Straight_702,Straight,-1.7900000000000003,-1.84,-13.54,-11.58
Straight_703,Straight,-0.5899999999999999,2.22,-17.529999999999998,-17.3
Straight_704,Straight,-0.53,4.569999999999999,-15.049999999999999,-15.959999999999999
Straight_705,Straight,0.08999999999999997,2.96,-14.030000000000001,-13.25
Straight_706,Straight,-1.69,5.94,-15.520000000000001,-15.39
Straight_707,Straight,-0.99,4.84,-6.9,-8.77
Left_708,Left,0.030000000000000027,7.64,-10.13,-13.47
Left_709,Left,-0.16999999999999998,11.01,-12.690000000000001,-16.97
Left_710,Left,-1.1400000000000001,10.12,-21.860000000000003,-24.08
Straight_711,Straight,-2.8199999999999994,10.47,-29.97,-25.21
Straight_712,Straight,-1.8199999999999998,8.76,-25.79,-22.099999999999998
Straight_713,Straight,-1.49,5.819999999999999,-19.250000000000004,-23.63
Straight_714,Straight,-0.76,0.6199999999999999,-10.579999999999998,-14.559999999999999
Straight_715,Straight,-1.3199999999999998,-0.6000000000000001,-13.5,-10.840000000000002
Straight_716,Straight,-2.6,-0.56,-22.5,-13.7
Straight_717,Straight,-1.8000000000000003,7.27,-29.11,-31.799999999999997
Straight_718,Straight,3.82,1.6700000000000002,-13.459999999999997,-22.48
Straight_719,Straight,6.44,2.19,-3.8200000000000003,-11.840000000000002
Straight_720,Straight,6.77,1.8800000000000001,-3.5200000000000005,-12.31
Straight_721,Straight,5.529999999999999,1.39,-1.58,-11.149999999999999
Straight_722,Straight,5.199999999999999,1.36,-1.29,-11.09
Straight_723,Straight,2.83,1.3199999999999998,-1.13,-9.84
Straight_724,Straight,1.19,-0.4999999999999998,-0.8999999999999999,-6.8199999999999985
Straight_725,Straight,-3.4699999999999998,-4.38,-0.3400000000000003,-13.439999999999998
Straight_726,Straight,0.5300000000000001,7.22,-18.54,-13.129999999999999
Straight_727,Straight,-1.6300000000000003,18.31,-27.679999999999996,-22.71
Straight_728,Straight,-1.3499999999999999,20.14,-31.16,-21.27
Straight_729,Straight,0.34,17.43,-24.34,-19.900000000000002
Left_730,Left,-2.4899999999999998,25.080000000000002,-39.63,-22.3
Left_731,Left,-0.97,18.53,-30.06,-18.93
Left_732,Left,0.51,10.459999999999999,-22.51,-16.38
Left_733,Left,-0.20000000000000004,7.260000000000001,-19.21,-24.73
Straight_734,Straight,-1.98,-0.7699999999999999,-16.509999999999998,-23.45
Straight_735,Straight,-3.06,-0.8300000000000001,-12.8,-19.18
Straight_736,Straight,0.9600000000000002,2.26,-13.84,-17.52
Straight_737,Straight,0.5,-0.28,-18.63,-15.729999999999999
Straight_738,Straight,0.25999999999999995,-1.06,-17.580000000000002,-15.819999999999999
Straight_739,Straight,-3.630000000000001,-1.76,-13.709999999999999,-12.92
Straight_740,Straight,-3.09,-1.3199999999999998,-12.389999999999999,-15.159999999999998
Straight_741,Straight,-2.22,-0.53,-8.419999999999998,-13.48
Straight_742,Straight,-1.65,0.10999999999999999,-9.790000000000001,-11.5
Straight_743,Straight,-2.15,-0.04000000000000001,-9.020000000000001,-9.89
Straight_744,Straight,-1.43,0.7200000000000002,-7.6899999999999995,-10.95
Straight_745,Straight,-1.71,0.7200000000000001,-8.47,-11.629999999999999
Straight_746,Straight,-1.41,1.36,-9.120000000000001,-13.459999999999999
Straight_747,Straight,0.51,6.82,-12.520000000000001,-13.16
Straight_748,Straight,0.5800000000000001,5.78,-11.14,-13.370000000000001
Straight_749,Straight,0.21000000000000002,6.5200000000000005,-13.09,-12.439999999999998
Straight_750,Straight,0.18999999999999997,6.3999999999999995,-12.309999999999999,-12.920000000000002
Straight_751,Straight,0.76,3.82,-14.08,-15.55
Straight_752,Straight,0.82,0.6100000000000001,-16.46,-14.459999999999999
Straight_753,Straight,0.9299999999999999,4.99,-17.53,-17.86
Straight_754,Straight,-1.3399999999999999,1.6500000000000001,-7.8,-11.84
Straight_755,Straight,-0.7000000000000001,2.06,-6.7,-5.98
Straight_756,Straight,0.53,1.81,-7.680000000000001,-6.73
Straight_757,Straight,0.21000000000000002,1.72,-8.13,-7.5
Straight_758,Straight,-0.42000000000000004,1.7199999999999998,-7.979999999999999,-8.99
Straight_759,Straight,0.69,1.3000000000000003,-8.68,-9.99
Straight_760,Straight,9.08,0.9200000000000002,-14.07,-19.54
Straight_761,Straight,8.629999999999999,1.22,-13.71,-20.84
Straight_762,Straight,10.179999999999998,1.63,-15.3,-19.81
Straight_763,Straight,9.73,1.1600000000000001,-15.75,-21.84
Straight_764,Straight,7.5,1.1400000000000001,-15.639999999999999,-20.08
Straight_765,Straight,1.5000000000000002,2.35,-15.009999999999998,-13.79
Straight_766,Straight,-0.44,2.27,-11.39,-9.43
Straight_767,Straight,0.74,1.71,-12.229999999999999,-9.33
Straight_768,Straight,0.21999999999999997,2.24,-10.33,-8.32
Straight_769,Straight,0.13,0.5700000000000001,-15.26,-13.31
Straight_770,Straight,-0.44000000000000006,-0.85,-21.59,-18.96
Straight_771,Straight,-0.27999999999999997,1.31,-23.4,-19.11
Straight_772,Straight,0.13000000000000006,1.4700000000000002,-13.889999999999999,-14.560000000000002
Straight_773,Straight,-0.9299999999999999,0.98,-19.709999999999997,-19.269999999999996
Straight_774,Straight,-0.55,2.13,-14.52,-9.04
Straight_775,Straight,-0.55,6.42,-28.8,-11.54
Straight_776,Straight,-0.52,9.43,-30.54,-13.989999999999998
Straight_777,Straight,-0.07999999999999999,4.55,-15.31,-7.02
Straight_778,Straight,0.23999999999999994,0.35,-5.91,-5.17
Straight_779,Straight,4.1,-0.05000000000000002,-9.26,-12.87
Straight_780,Straight,1.85,0.06,-9.26,-10.24
Straight_781,Straight,0.060000000000000026,0.76,-7.22,-3.2
Straight_782,Straight,-1.03,1.63,-8.010000000000002,-3.49
Straight_783,Straight,-1.22,8.23,-18.63,-6.6
Straight_784,Straight,-1.49,8.63,-21.26,-8.41
Straight_785,Straight,-1.3699999999999999,3.21,-11.74,-5.819999999999999
Right_786,Right,-0.5700000000000001,0.35000000000000003,-10.67,-10.200000000000001
Right_787,Right,0.8099999999999999,1.84,-14.57,-21.419999999999998
Straight_788,Straight,-0.51,0.17999999999999997,-17.68,-15.57
Straight_789,Straight,-1.83,0.55,-14.66,-3.2399999999999998
Straight_790,Straight,-1.3,1.22,-12.160000000000002,-1.96
Straight_791,Straight,-0.95,9.14,-20.93,-9.620000000000001
Straight_792,Straight,-1.8900000000000001,13.189999999999998,-26.709999999999997,-17.97
Straight_793,Straight,-1.5399999999999998,15.1,-27.56,-20.53
Straight_794,Straight,-1.07,15.309999999999999,-32.56,-20.88
Straight_795,Straight,0.0,5.03,-12.34,-7.83
Straight_796,Straight,1.32,13.45,-27.360000000000003,-21.36
Straight_797,Straight,3.28,8.669999999999998,-30.68,-17.130000000000003
Straight_798,Straight,-0.4600000000000001,1.61,-5.95,-4.609999999999999
Straight_799,Straight,-0.29,-0.48000000000000004,2.1,-5.8
Straight_800,Straight,-0.36,-1.29,-25.72,-18.4
