Km,Latitude,Longitude
335.845,60.73538608,7.12251806
335.85,60.73543142,7.12251531
335.855,60.73547653,7.12251444
335.86,60.73552174,7.12251647
335.865,60.73556653,7.12252281
335.87,60.73561157,7.12253202
335.875,60.73565634,7.12253987
335.88,60.73570096,7.12254793
335.885,60.73574567,7.12255709
335.89,60.73579128,7.12256487
335.895,60.73583638,7.12257234
335.9,60.73588115,7.12258159
335.905,60.73592554,7.12259067
335.91,60.73596991,7.12259863
335.915,60.73601423,7.12260668
335.92,60.73605873,7.1226126
335.925,60.73610344,7.12261583
335.93,60.73614791,7.12261683
335.935,60.73619286,7.1226155
335.94,60.73623832,7.12261104
335.945,60.73628459,7.12260321
335.95,60.73633011,7.12259406
335.955,60.73637407,7.12257751
335.96,60.73641723,7.12256522
335.965,60.73646123,7.12255239
335.97,60.7365054,7.12253942
335.975,60.73654922,7.12252554
335.98,60.73659276,7.12251166
335.985,60.73663665,7.12249796
335.99,60.73668035,7.12248189
335.995,60.73672414,7.12246273
336.0,60.736768,7.12244516
336.005,60.73681178,7.12242739
336.01,60.73685547,7.12240919
336.015,60.7368984,7.12238799
336.02,60.73693432,7.12236558
336.025,60.73696942,7.12233969
336.03,60.73700353,7.12231691
336.04,60.73710782,7.12228014
336.055,60.73721195,7.12222992
336.06,60.73724656,7.12222124
336.075,60.73734551,7.12217542
336.08,60.73737461,7.12216009
336.085,60.73740609,7.12214295
336.09,60.73743731,7.12212612
336.095,60.73746741,7.12211297
336.1,60.73749849,7.12210027
336.105,60.73752994,7.12209321
336.11,60.73755716,7.12206096
336.115,60.73759883,7.12210762
336.12,60.73762636,7.1220928
336.125,60.73765492,7.12208213
336.13,60.73769028,7.12206853
336.135,60.73772476,7.12205155
336.17,60.73805573,7.12219253
336.175,60.73809755,7.12221695
336.18,60.73813988,7.12222838
336.185,60.73818373,7.12225226
336.205,60.73834763,7.12234985
336.22,60.73844137,7.12244619
336.225,60.73846686,7.12244997
336.375,60.738796,7.12335429
336.785,60.74262281,7.12801505
336.79,60.74265254,7.12806608
336.795,60.74270405,7.12806587
336.8,60.74273307,7.12807281
336.805,60.74276773,7.12808035
336.81,60.74280388,7.12809029
336.815,60.74284695,7.12810427
336.82,60.74289165,7.12811914
336.825,60.74293597,7.12813579
336.83,60.74297955,7.12815794
336.835,60.74303154,7.12818671
336.84,60.74307598,7.12821147
336.845,60.74311939,7.12824015
336.85,60.7431617,7.12827186
336.855,60.74320297,7.1283071
336.86,60.74324379,7.12834369
336.865,60.74328395,7.12838379
336.87,60.74332319,7.12842746
336.875,60.7433619,7.12847202
336.88,60.74340031,7.12852022
336.885,60.74343728,7.1285708
336.89,60.743474,7.12862412
336.895,60.74350993,7.12867922
336.9,60.74354466,7.12873802
336.905,60.74357845,7.12879887
336.91,60.74360926,7.12885789
336.915,60.74363832,7.12891699
336.92,60.74367353,7.12899462
336.925,60.74370307,7.12906417
336.93,60.74373526,7.12914463
336.935,60.74375932,7.12921061
336.94,60.74378458,7.12928411
336.945,60.74380915,7.12936105
336.95,60.74383264,7.1294401
336.955,60.7438541,7.12951972
336.96,60.74387481,7.12960059
336.965,60.74389452,7.12968532
336.97,60.74391229,7.12976996
336.975,60.74392902,7.12985555
336.98,60.74394408,7.12994188
336.985,60.74395846,7.13003426
336.99,60.74396958,7.13011357
336.995,60.74398185,7.1302139
337.0,60.74399153,7.1303087
337.0,60.74400923,7.13055543
337.005,60.74401324,7.13064785
337.005,60.74399887,7.13038958
337.01,60.74400528,7.13048159
337.01,60.74401561,7.13074002
337.015,60.74401683,7.13082784
337.02,60.7440165,7.13092287
337.025,60.74401499,7.13101142
337.03,60.74401172,7.13110235
337.035,60.74400684,7.13119374
337.04,60.74400044,7.13127804
337.045,60.74399228,7.13137552
337.05,60.74398358,7.13146031
337.055,60.74397159,7.13155416
337.06,60.74395905,7.1316426
337.065,60.74394482,7.13172987
337.07,60.74392923,7.13181597
337.075,60.7439119,7.13190186
337.08,60.74389245,7.13198573
337.085,60.74387228,7.13206902
337.09,60.74385116,7.13215134
337.095,60.74382792,7.13223107
337.1,60.74380418,7.13230951
337.105,60.74377906,7.13239147
337.11,60.74375537,7.13246453
337.115,60.74372946,7.13253949
337.12,60.74370162,7.13261707
337.125,60.74367421,7.13269053
337.13,60.74364811,7.13275869
337.135,60.74361977,7.1328294
337.14,60.74359062,7.13289867
337.145,60.74356134,7.13296837
337.15,60.74353158,7.13303717
337.155,60.74350106,7.13310533
337.16,60.74347081,7.13317172
337.165,60.74343991,7.13323887
337.17,60.7434062,7.1333106
337.175,60.74337753,7.13337035
337.18,60.74334625,7.13343503
337.185,60.74331471,7.13349878
337.19,60.7432827,7.1335617
337.195,60.74325177,7.13362209
337.2,60.74322246,7.13367793
337.205,60.74318513,7.13374828
337.21,60.74315176,7.13380934
337.215,60.74311803,7.13386997
337.22,60.74308408,7.13392963
337.225,60.74305223,7.1339851
337.23,60.74302099,7.13403853
337.235,60.74298022,7.13410625
337.24,60.74294504,7.13416414
337.245,60.74290954,7.13422142
337.25,60.74287406,7.13427691
337.255,60.7428382,7.13433181
337.26,60.74280216,7.13438568
337.265,60.74276567,7.13443841
337.27,60.74272484,7.13449749
337.275,60.74269203,7.13454458
337.28,60.7426552,7.13459444
337.285,60.7426181,7.13464504
337.29,60.74258067,7.13469546
337.295,60.74254275,7.13474362
337.3,60.74250432,7.13479162
337.305,60.7424657,7.13483962
337.31,60.74242724,7.13488625
337.315,60.74238993,7.13493074
337.32,60.74235108,7.13497634
337.325,60.74231213,7.13502168
337.33,60.74227668,7.13506245
337.335,60.74223397,7.13511176
337.34,60.74219493,7.13515664
337.345,60.74215595,7.13520164
337.35,60.74211747,7.13524774
337.355,60.74208313,7.13529044
337.36,60.7420409,7.13534356
337.365,60.74200307,7.13539304
337.37,60.74196269,7.13544841
337.375,60.74192985,7.13549543
337.38,60.74189676,7.13554352
337.385,60.74185884,7.13560321
337.39,60.74182125,7.13566416
337.395,60.74178706,7.13572158
337.4,60.74175318,7.13578252
337.405,60.74171998,7.13584426
337.41,60.74168761,7.1359057
337.415,60.74165613,7.13595158
337.42,60.74163213,7.13602416
337.46,60.74140732,7.13661772
337.465,60.74134644,7.13670662
337.47,60.74130433,7.13677279
337.475,60.741295,7.13684442
337.48,60.74128953,7.13693551
337.485,60.74127764,7.13702339
337.49,60.741263,7.13711355
337.495,60.74124768,7.13720758
337.5,60.74123419,7.13729355
337.505,60.74122101,7.13738383
337.51,60.74120881,7.13747311
337.515,60.74119754,7.13756244
337.52,60.74118668,7.13765205
337.525,60.74117669,7.13774216
337.53,60.7411683,7.13783262
337.535,60.7411609,7.13792312
337.54,60.74115415,7.13801379
337.545,60.74114875,7.13811244
337.55,60.74114585,7.13819446
337.555,60.74114406,7.138277
337.56,60.741143,7.13838019
337.565,60.74114398,7.13847233
337.57,60.74114664,7.13857233
337.575,60.74114975,7.13865662
337.58,60.74115501,7.13874808
337.585,60.74116143,7.13883942
337.59,60.74116945,7.13892999
337.595,60.74117988,7.13902767
337.6,60.74118987,7.13910876
337.605,60.74120193,7.1391972
337.61,60.74121585,7.13928448
337.615,60.74123112,7.1393708
337.62,60.74124771,7.13945608
337.625,60.74126552,7.13954052
337.63,60.7412856,7.1396229
337.635,60.74130637,7.13970448
337.64,60.74132818,7.13978475
337.645,60.74135184,7.13986292
337.65,60.74137678,7.13993973
337.655,60.7414023,7.14001545
337.66,60.74142952,7.1400886
337.665,60.741458,7.14015967
337.67,60.74148745,7.14022878
337.675,60.74151801,7.14029602
337.68,60.74154933,7.1403615
337.685,60.74158174,7.14042428
337.69,60.74161522,7.14048496
337.695,60.74164958,7.14054379
337.7,60.7416852,7.14060005
337.705,60.74172143,7.14065368
337.71,60.74175859,7.1407048
337.715,60.74179643,7.14075378
337.72,60.7418354,7.14079953
337.725,60.74187512,7.14084265
337.73,60.74191526,7.1408835
337.735,60.74195621,7.14092113
337.74,60.74199766,7.14095551
337.745,60.74203936,7.14098794
337.75,60.74208199,7.14101724
337.755,60.742125,7.14104295
337.76,60.74216832,7.14106648
337.765,60.74221238,7.14108721
337.77,60.74225642,7.14110362
337.775,60.74230085,7.14111806
337.78,60.7423453,7.14112972
337.785,60.74238996,7.14113718
337.79,60.74243479,7.14114183
337.795,60.7424799,7.141144
337.8,60.74252476,7.14114253
337.805,60.74256991,7.1411378
337.81,60.74261481,7.14113063
337.815,60.74265941,7.1411201
337.82,60.74270392,7.14110658
337.825,60.74274836,7.14109031
337.83,60.74279225,7.14107054
337.835,60.74283567,7.1410481
337.84,60.74287932,7.14102277
337.845,60.74292227,7.1409943
337.85,60.74296478,7.14096305
337.855,60.74300624,7.14092911
337.86,60.74304731,7.14089287
337.865,60.74308775,7.14085328
337.87,60.74312771,7.1408112
337.875,60.74316672,7.14076635
337.88,60.74320516,7.14071871
337.885,60.74324287,7.14066833
337.89,60.74327952,7.14061553
337.895,60.74331548,7.14055981
337.9,60.74335068,7.14050202
337.905,60.7433847,7.140442
337.91,60.74341765,7.14037951
337.915,60.74345,7.14031494
337.92,60.74348089,7.14024791
337.925,60.74351117,7.14017948
337.93,60.74354021,7.14010901
337.935,60.7435683,7.14003704
337.94,60.74359551,7.13996353
337.945,60.74362272,7.13988728
337.95,60.7436482,7.13981455
337.955,60.74367369,7.13973911
337.96,60.74370036,7.13966153
337.965,60.74372528,7.13958872
337.97,60.74375091,7.13951344
337.975,60.74377679,7.13943814
337.98,60.74380257,7.13936283
337.985,60.74382837,7.13928739
337.99,60.74385402,7.13921209
337.995,60.74387968,7.13913667
338.0,60.74390543,7.13906147
338.005,60.74393136,7.13898621
338.01,60.74395704,7.13891074
338.015,60.74398269,7.13883574
338.02,60.74400871,7.13876067
338.025,60.744033,7.13868944
338.03,60.74406049,7.13861017
338.035,60.74408625,7.1385352
338.04,60.74411203,7.13845991
338.045,60.74413813,7.13838522
338.05,60.7441638,7.13831039
338.055,60.74418925,7.13823549
338.06,60.74421497,7.13816097
338.065,60.74424055,7.13808591
338.07,60.7442662,7.13801105
338.075,60.74429212,7.13793634
338.08,60.7443179,7.13786109
338.085,60.74434372,7.13778638
338.09,60.74439834,7.13763115
338.095,60.74439834,7.13763115
338.1,60.74442255,7.13756175
338.105,60.74444879,7.13748714
338.11,60.74447495,7.13741334
338.115,60.74450099,7.13733886
338.12,60.74452714,7.13726451
338.125,60.74455309,7.13719068
338.13,60.74457864,7.13711634
338.135,60.74460497,7.13704176
338.14,60.74463127,7.1369668
338.145,60.7446575,7.13689236
338.15,60.74468366,7.13681738
338.155,60.74470959,7.13674293
338.16,60.74473568,7.13666811
338.165,60.74476174,7.13659332
338.17,60.7447881,7.13651811
338.175,60.74481417,7.136443
338.18,60.74484009,7.13636804
338.185,60.7448661,7.13629347
338.19,60.74489236,7.13621856
338.195,60.74491861,7.13614353
338.2,60.74494483,7.13606848
338.205,60.74497082,7.13599351
338.21,60.74499663,7.13591842
338.215,60.7450224,7.13584373
338.22,60.74504826,7.13576826
338.225,60.74507414,7.13569235
338.23,60.74509962,7.13561598
338.235,60.7451254,7.135539
338.24,60.74515031,7.13546078
338.245,60.74517407,7.13538102
338.25,60.74519668,7.13530027
338.255,60.74521809,7.13521802
338.26,60.74523756,7.13513465
338.265,60.74525548,7.13505024
338.27,60.74527376,7.13496385
338.275,60.74528758,7.13488095
338.28,60.74530223,7.134803
339.91,60.74705271,7.13555828
339.915,60.74707995,7.13558321
339.92,60.74711396,7.13560889
339.925,60.74715654,7.13563463
339.93,60.74719667,7.13565974
339.935,60.74723895,7.13568079
339.94,60.74728291,7.1357013
340.465,60.74786386,7.12898265
340.475,60.74778702,7.12866977
340.48,60.74783717,7.12861148
340.485,60.74783606,7.12851333
340.49,60.74782687,7.12840627
340.495,60.74781797,7.12830545
340.5,60.74781952,7.12821222
340.505,60.74782452,7.1281208
340.51,60.74783132,7.12803377
340.515,60.74782657,7.12793162
340.52,60.74783589,7.12789182
340.525,60.74785022,7.12780973
340.53,60.74786441,7.12772443
340.535,60.74787876,7.12763863
340.54,60.74789307,7.12755208
340.545,60.74790757,7.12746585
340.55,60.74792188,7.1273786
340.555,60.74793605,7.12729235
340.56,60.74794967,7.12720573
340.565,60.74796453,7.12712009
340.57,60.74797946,7.12703415
340.575,60.74799421,7.12694805
340.58,60.74800904,7.1268617
340.585,60.74802385,7.12677456
340.59,60.74803828,7.12668738
340.595,60.74805302,7.1266009
340.6,60.74806772,7.12651495
340.605,60.74808214,7.1264293
340.61,60.74809561,7.12634306
340.615,60.74811001,7.1262566
340.62,60.74812319,7.12616955
340.625,60.74813486,7.12608209
340.63,60.74815183,7.1259907
340.635,60.74816249,7.1259046
340.64,60.7481711,7.12581683
340.645,60.74817743,7.12572808
340.65,60.74818224,7.12563835
340.655,60.74818533,7.12554773
340.66,60.74818664,7.12545634
340.665,60.7481858,7.12536467
340.67,60.7481827,7.12527084
340.675,60.74819573,7.12518034
340.68,60.74820394,7.12508473
340.685,60.74820649,7.12498949
340.69,60.74821017,7.12489477
340.695,60.74821254,7.124801
340.7,60.74821383,7.1247071
340.705,60.74821637,7.12461449
340.71,60.7482188,7.12452139
340.715,60.7482204,7.12442927
340.72,60.74822213,7.12433663
340.725,60.74822467,7.12424447
340.73,60.74822783,7.12415215
340.735,60.74823029,7.12405953
340.74,60.74823544,7.12396727
340.745,60.74824179,7.12387517
340.75,60.74824946,7.12378306
340.755,60.74825808,7.12369132
340.76,60.74826793,7.12360004
340.765,60.74827961,7.12351046
342.19,60.75651365,7.10538633
342.195,60.75652896,7.10530298
342.2,60.75654561,7.10522131
342.205,60.75656279,7.10513634
342.21,60.756602,7.10495965
342.215,60.756602,7.10495965
342.22,60.75661892,7.10488907
342.225,60.75663944,7.10480857
342.23,60.75666091,7.10472835
342.235,60.75668323,7.10464973
342.24,60.75670645,7.10457159
342.245,60.75672979,7.10449348
342.25,60.75675392,7.10441721
342.255,60.75677878,7.10434132
342.26,60.7568034,7.10426489
342.265,60.75682827,7.10418891
342.27,60.75685345,7.10411297
342.275,60.75687883,7.10403802
342.28,60.75690453,7.10396284
342.285,60.75693063,7.1038885
342.29,60.75695754,7.10381582
342.295,60.75698527,7.10374392
342.3,60.75701351,7.10367256
342.305,60.7570423,7.10360233
342.31,60.75707199,7.10353249
342.315,60.75710253,7.1034656
342.32,60.75713343,7.10339846
342.325,60.75716479,7.10333238
342.33,60.75719687,7.10326825
342.335,60.75722948,7.10320494
342.34,60.75726235,7.10314323
342.345,60.75729627,7.10308205
342.35,60.75733049,7.10302252
342.355,60.75736536,7.10296462
342.36,60.75740055,7.10290694
342.365,60.75743588,7.10285056
342.37,60.75747166,7.10279432
342.375,60.75750736,7.10273887
342.38,60.7575429,7.10268326
342.385,60.75757866,7.10262753
342.39,60.75761423,7.10257224
342.395,60.75765002,7.10251707
342.4,60.7576861,7.1024631
342.405,60.75772195,7.10240951
342.41,60.75775812,7.10235435
342.415,60.75779443,7.10229945
342.42,60.75783008,7.10224535
342.425,60.75786597,7.10219078
342.43,60.75790186,7.10213651
342.435,60.75793813,7.10208269
342.44,60.75797366,7.10202809
342.445,60.75800977,7.10197382
342.45,60.75804595,7.10192022
342.455,60.75808213,7.10186723
342.46,60.75811836,7.10181323
342.465,60.75815467,7.10175795
342.47,60.75818808,7.1016621
342.475,60.75823759,7.1016082
343.585,60.76612728,7.10305159
343.59,60.76617424,7.10307221
343.595,60.76621967,7.10307311
343.6,60.76626489,7.10306908
343.605,60.76630933,7.10306399
343.61,60.76635437,7.10305216
343.615,60.76639936,7.1030413
343.62,60.7664446,7.10303409
343.625,60.76648987,7.10302195
343.63,60.76653674,7.10301279
343.635,60.76658244,7.10300969
343.64,60.76662775,7.103008
343.645,60.76667272,7.103007
343.65,60.76671779,7.10300781
343.655,60.76676231,7.10300949
343.66,60.76680699,7.10301105
343.665,60.76685178,7.10301293
343.67,60.76689662,7.10301497
343.675,60.76694184,7.10301786
343.68,60.76698749,7.10302044
343.685,60.76703358,7.10302404
343.69,60.76707953,7.10302788
343.695,60.76712508,7.10303143
343.7,60.76717054,7.10303458
343.705,60.76721565,7.10303709
343.71,60.76726087,7.10303883
343.715,60.76730605,7.10304008
343.72,60.76735166,7.10304033
343.725,60.76739684,7.10303943
343.73,60.76744219,7.1030385
343.735,60.76748737,7.10303673
343.74,60.76753241,7.10303341
343.745,60.7675774,7.10302926
343.75,60.7676219,7.10302517
343.755,60.76766632,7.10302136
343.76,60.76771068,7.10301579
343.765,60.7677553,7.10301074
343.77,60.76779981,7.10300668
343.775,60.76784427,7.10299941
343.78,60.76788871,7.10299228
343.785,60.76793311,7.10298555
343.79,60.76797704,7.10297644
343.795,60.76802109,7.10296654
343.8,60.76806521,7.10295616
343.805,60.76810925,7.10294406
343.81,60.76815364,7.10293335
343.815,60.76819836,7.10292226
343.82,60.76824289,7.10290956
343.825,60.76828755,7.10289755
343.83,60.76833257,7.10288505
343.835,60.7683774,7.10287233
343.84,60.76842226,7.10286129
343.845,60.76846717,7.10285022
343.85,60.76851182,7.10283824
343.855,60.76855636,7.10282721
343.86,60.76860057,7.10281609
343.865,60.76864493,7.10280373
343.87,60.76868944,7.1027925
343.875,60.7687341,7.10278126
343.88,60.76877861,7.10277052
343.885,60.7688232,7.10275957
343.89,60.76886821,7.10274949
343.895,60.76891283,7.10273877
343.9,60.76895757,7.1027274
343.905,60.76900203,7.10271607
343.91,60.76904637,7.10270459
343.915,60.76909074,7.10269318
343.92,60.76913534,7.10268158
343.925,60.76917953,7.10267014
343.93,60.76922429,7.10265899
343.935,60.76926897,7.10264794
343.94,60.76931316,7.10263636
343.945,60.76935773,7.10262535
343.95,60.76940212,7.10261408
343.955,60.76944659,7.10260313
343.96,60.76949106,7.10259111
343.965,60.76953562,7.10257862
343.97,60.76957999,7.1025666
343.975,60.76962473,7.10255485
343.98,60.76966977,7.10254331
343.985,60.7697148,7.10253208
343.99,60.7697597,7.10252116
343.995,60.76980484,7.10251014
344.0,60.76984521,7.10250038
344.005,60.76988956,7.10248969
344.01,60.769934,7.10247856
344.015,60.76997857,7.10246683
344.02,60.77002294,7.10245397
344.025,60.77006732,7.1024414
344.03,60.77011132,7.10242865
344.035,60.77015516,7.10241534
344.04,60.77019927,7.10240149
344.045,60.77024357,7.10238796
344.05,60.77028778,7.10237333
344.055,60.77033186,7.10235827
344.06,60.77037621,7.10234289
344.065,60.77042001,7.10232642
344.07,60.77046377,7.10230886
344.075,60.7705072,7.10229026
344.08,60.77055081,7.10227151
344.085,60.77059442,7.10225102
344.09,60.77063717,7.10225475
344.095,60.77068195,7.10224178
344.1,60.77072642,7.10222423
344.105,60.77077058,7.1022044
344.11,60.7708143,7.10218361
344.115,60.77085805,7.10216188
344.12,60.77090171,7.10213946
344.125,60.77094518,7.10211621
344.13,60.77098855,7.10209279
344.135,60.77103179,7.10206887
344.14,60.7710751,7.10204524
344.145,60.77111844,7.10202215
344.15,60.77116224,7.10200035
344.155,60.77120597,7.10198156
344.16,60.77124985,7.10196359
344.165,60.77129396,7.1019474
344.17,60.77133801,7.10193371
344.175,60.77138244,7.10192202
344.18,60.77142729,7.10191244
344.185,60.77147196,7.10190494
344.19,60.77151679,7.10189965
344.195,60.77156169,7.10189704
344.2,60.77160629,7.10189666
344.205,60.77165067,7.10189834
344.21,60.77169554,7.10190241
344.215,60.77173977,7.1019085
344.22,60.77178426,7.10191663
344.225,60.77182883,7.10192736
344.23,60.77187284,7.10193989
344.235,60.77191722,7.10195442
344.24,60.77196136,7.10197122
344.245,60.77200564,7.10198918
344.25,60.77204946,7.10200939
344.255,60.77209324,7.10203021
344.26,60.77213649,7.10205376
344.265,60.77218012,7.10207942
344.27,60.77222365,7.10210516
344.275,60.77226699,7.1021312
344.28,60.77231017,7.10215785
344.285,60.77235348,7.10218446
344.29,60.77239688,7.10221029
344.295,60.77244013,7.10223571
344.3,60.77248357,7.10226104
344.305,60.77252685,7.10228518
344.31,60.77257023,7.1023082
344.315,60.77261349,7.10233098
344.32,60.7726572,7.10235274
344.325,60.77270073,7.10237391
344.33,60.77274444,7.10239482
344.335,60.77278819,7.10241523
344.34,60.77283199,7.10243437
344.345,60.77287592,7.10245311
344.35,60.77292003,7.10247146
344.355,60.7729642,7.10248895
344.36,60.77300829,7.102505
344.365,60.77305271,7.10252151
344.37,60.77309694,7.10253615
344.375,60.77314114,7.10255002
344.38,60.77318514,7.1025632
344.385,60.77322969,7.10257512
344.39,60.77327366,7.10258534
344.395,60.77331731,7.10259467
344.4,60.77336142,7.10260382
344.405,60.77340583,7.10261256
344.41,60.77345049,7.1026215
344.415,60.77349528,7.10262849
344.42,60.77353997,7.1026354
344.425,60.7735851,7.10264245
344.43,60.77362971,7.10264854
344.435,60.77367424,7.10265335
344.44,60.77371893,7.10265755
344.445,60.77376354,7.10266146
344.45,60.77380825,7.10266535
344.455,60.77385255,7.10266551
344.46,60.77389764,7.10266807
344.465,60.77394234,7.10266851
344.47,60.77398728,7.10266814
344.475,60.77403218,7.10266682
344.48,60.7740773,7.10266495
344.485,60.7741225,7.10266191
344.49,60.77416729,7.10265795
344.495,60.77421235,7.10265319
344.5,60.77425717,7.1026475
344.505,60.77430196,7.10264154
344.51,60.77434698,7.10263432
344.515,60.77439143,7.10262642
344.52,60.77443605,7.10261837
344.525,60.77448102,7.10261
344.53,60.77452521,7.10260119
344.535,60.77456931,7.10259272
344.54,60.77461407,7.10258302
344.545,60.77465891,7.10257366
344.55,60.77470216,7.10256305
344.735,60.77640389,7.10271982
344.74,60.77644649,7.10275611
344.745,60.77647538,7.1028067
344.75,60.77652511,7.10281613
344.755,60.77656171,7.1028636
344.76,60.77660363,7.10290037
344.765,60.77664537,7.10294064
344.77,60.77669312,7.10295092
344.775,60.77673737,7.10297442
344.78,60.77678262,7.10298304
344.785,60.7768158,7.1030153
344.79,60.77684761,7.1030543
344.795,60.77688097,7.10309125
344.8,60.77691578,7.10312811
344.805,60.77695217,7.10316517
344.81,60.77698722,7.10319395
344.815,60.77702232,7.10321864
344.82,60.77705936,7.103241
344.825,60.777099,7.10326268
344.83,60.77714049,7.10328203
344.835,60.77718453,7.10329899
344.84,60.77722708,7.10331085
344.845,60.7772716,7.10332277
344.85,60.77731634,7.1033302
344.855,60.77736256,7.10333734
344.86,60.77740888,7.10334231
344.865,60.77745603,7.10334069
344.87,60.77749758,7.1033286
344.89,60.77766447,7.1032518
344.895,60.77770928,7.10323021
344.9,60.7777518,7.1032077
344.905,60.77780185,7.10320415
344.91,60.77784516,7.10318793
344.915,60.77788483,7.10316216
344.92,60.77792682,7.10313509
344.925,60.77796845,7.10310447
344.93,60.77800881,7.10306927
344.935,60.7780505,7.10303186
344.94,60.77809239,7.10299127
344.945,60.77813477,7.10294519
344.95,60.77817746,7.10289696
344.955,60.77821482,7.10284294
344.96,60.77825099,7.10278725
344.965,60.77828137,7.10272337
344.97,60.77831032,7.10265684
344.975,60.7783389,7.10258921
344.98,60.7783673,7.10252147
344.985,60.77839507,7.10245215
344.99,60.77841844,7.10237611
344.995,60.77843947,7.10229638
345.0,60.77846297,7.10222003
345.005,60.77848423,7.10213997
345.01,60.77850612,7.1020613
345.015,60.77852785,7.10198145
345.02,60.77854878,7.10190073
345.025,60.77856886,7.1018194
345.03,60.7785882,7.10173717
345.035,60.77860565,7.10165375
345.04,60.7786213,7.10156864
345.045,60.77863647,7.10148271
345.05,60.77865019,7.10139631
345.055,60.77866198,7.10130852
345.06,60.77867316,7.10122023
345.065,60.77868382,7.10113177
345.07,60.77869368,7.10104326
345.075,60.77870352,7.10095453
345.08,60.77871347,7.10086651
345.085,60.77872367,7.10077857
345.09,60.77873408,7.10068905
345.095,60.77874498,7.1006
345.1,60.77875692,7.10051169
345.105,60.77877016,7.10042465
345.11,60.77878463,7.10033935
345.115,60.77880067,7.10025447
345.12,60.77881823,7.10017129
345.125,60.77883684,7.10008947
345.13,60.77885705,7.10000827
345.135,60.77887852,7.0999287
345.14,60.77890123,7.09985065
345.145,60.77892545,7.09977365
345.15,60.77895067,7.09969857
345.155,60.77897754,7.09962508
345.16,60.77900556,7.09955337
345.165,60.77903494,7.09948421
345.17,60.77906558,7.09941918
345.175,60.77909988,7.09936403
345.18,60.77913373,7.09930649
345.185,60.77916816,7.09924783
345.19,60.77920389,7.09919221
345.195,60.77924005,7.09913651
345.2,60.77927698,7.09908224
345.205,60.77931467,7.09903108
345.21,60.77935338,7.09898136
345.215,60.77939211,7.09893259
345.22,60.77942959,7.09888456
345.225,60.77946787,7.09883776
345.23,60.77950623,7.09879081
345.235,60.77954505,7.09874394
345.24,60.7795837,7.09869737
345.245,60.77962212,7.09865021
345.25,60.77966051,7.09860337
345.255,60.77969902,7.0985566
345.26,60.77973753,7.09850986
345.265,60.77977574,7.09846309
345.27,60.77981417,7.09841582
345.275,60.77985242,7.09836881
345.28,60.77989059,7.09832187
345.285,60.77992897,7.0982743
345.29,60.77996755,7.09822711
345.295,60.78000565,7.09818005
345.3,60.78004429,7.0981331
345.305,60.78008244,7.09808591
345.31,60.78012061,7.09803842
345.315,60.78015907,7.09799088
345.32,60.78019731,7.09794402
345.325,60.78023561,7.0978968
345.33,60.78027419,7.09784943
345.335,60.78031253,7.09780255
345.34,60.7803514,7.09775614
345.345,60.78039068,7.09771044
345.35,60.78042995,7.09766552
345.355,60.78047049,7.09762417
345.36,60.78051178,7.09758542
345.365,60.78054735,7.09753801
345.53,60.78161716,7.09734784
345.545,60.78178505,7.09774006
345.55,60.78201149,7.09797131
345.555,60.78213411,7.09808709
345.565,60.78232423,7.0982485
345.57,60.78237078,7.09826316
345.575,60.78241756,7.09826778
345.58,60.78245356,7.09826021
345.585,60.78247795,7.09824112
345.59,60.78250275,7.09821231
345.595,60.78253826,7.09819463
345.6,60.7825811,7.09818073
345.605,60.78262198,7.09816461
345.61,60.78265937,7.09814304
345.615,60.78269915,7.09812339
345.62,60.78274293,7.09810575
345.625,60.78278719,7.09808768
345.63,60.78283189,7.09806903
345.635,60.78287682,7.09804909
345.64,60.78292183,7.09802842
345.645,60.78296653,7.09800701
345.65,60.78301117,7.09798459
345.655,60.78305574,7.09796166
345.66,60.78310015,7.09793763
345.665,60.7831445,7.09791215
345.67,60.78318949,7.09788289
345.675,60.78323374,7.09785204
345.68,60.78327794,7.09782249
345.685,60.7833218,7.09779323
345.69,60.78336582,7.09776262
345.695,60.78340938,7.09773178
345.7,60.78345261,7.09770056
345.705,60.78349565,7.09766892
345.71,60.78353893,7.09762827
345.715,60.78358094,7.09758626
345.72,60.7836228,7.09754725
345.725,60.78366489,7.09750986
345.73,60.78370655,7.09747025
345.735,60.78374778,7.09742979
345.74,60.78378801,7.09738668
345.745,60.7838274,7.09734155
345.75,60.78386564,7.09729399
345.755,60.78390246,7.09724337
345.76,60.78393745,7.09719051
345.765,60.78397163,7.09713663
345.815,60.78426638,7.09646757
345.82,60.7842955,7.09634662
345.825,60.78431287,7.0963029
345.83,60.78435198,7.09623934
345.835,60.78439178,7.09615544
345.84,60.78442035,7.09607262
345.845,60.78444596,7.09599317
345.85,60.78447283,7.09591657
345.855,60.7845059,7.09584438
345.86,60.78453525,7.09576913
345.865,60.78456127,7.09569346
345.87,60.78458854,7.09561952
345.875,60.78461667,7.09554747
345.88,60.78464613,7.09547826
345.885,60.78467656,7.09541288
345.89,60.78470682,7.09534593
345.895,60.78473644,7.0952792
345.9,60.78476894,7.09521707
345.905,60.78480344,7.09515787
345.91,60.78483904,7.09510106
345.915,60.78487567,7.0950482
345.92,60.78491253,7.0949968
345.925,60.7849514,7.09494926
345.93,60.78498935,7.09490733
345.935,60.78502695,7.094868
345.94,60.78506571,7.09483147
345.945,60.78510604,7.09479929
345.95,60.78514677,7.0947685
345.955,60.78518861,7.09474253
345.96,60.78523089,7.09471918
345.965,60.78527401,7.09469832
345.97,60.78531788,7.09468268
345.975,60.78536208,7.09466997
345.98,60.78540639,7.09465895
345.985,60.78545105,7.09465215
345.99,60.78549587,7.09464817
345.995,60.7855407,7.09464633
346.0,60.78558522,7.09464677
346.005,60.78562987,7.09464878
346.01,60.78567435,7.09465217
346.015,60.78571897,7.09465591
346.02,60.78576365,7.09465926
346.025,60.78580817,7.09466254
346.03,60.78585269,7.09466625
346.035,60.78589721,7.09466777
346.04,60.78594176,7.0946685
346.045,60.78598648,7.09466803
346.05,60.78603107,7.09466475
346.055,60.78607566,7.0946606
346.06,60.78612018,7.09465374
346.065,60.78616464,7.09464586
346.07,60.78620938,7.09463595
346.075,60.78625383,7.09462366
346.08,60.7862983,7.0946109
346.085,60.78634314,7.0945979
346.09,60.78638812,7.0945835
346.095,60.78643276,7.09457043
346.1,60.78647768,7.09455766
346.105,60.78652276,7.09454362
346.11,60.78656754,7.09453015
346.115,60.78661247,7.09451601
346.12,60.78665734,7.09450244
346.125,60.78670213,7.09449166
346.13,60.78674719,7.09447999
346.135,60.78679226,7.09446998
346.14,60.78683712,7.09446435
346.145,60.78688218,7.09446189
346.15,60.78692706,7.09446285
346.155,60.78697213,7.09446697
346.16,60.78701726,7.09447455
346.165,60.78706203,7.09448544
346.17,60.78710674,7.09449897
346.175,60.78715122,7.09451527
346.18,60.78719542,7.09453274
346.185,60.78723983,7.0945505
346.19,60.78728403,7.09456883
346.195,60.78732823,7.0945865
346.2,60.78737255,7.09460488
346.205,60.78741722,7.09462429
346.21,60.78746195,7.09464451
346.215,60.78750617,7.0946665
346.22,60.78754983,7.09469026
346.225,60.78759327,7.09471808
346.23,60.78763605,7.09474907
346.235,60.78767859,7.09478309
346.24,60.78772035,7.0948202
346.245,60.78776136,7.09486087
346.25,60.78780108,7.09490402
346.255,60.78784013,7.09495054
346.26,60.78787813,7.09500077
346.265,60.78791499,7.09505421
346.27,60.78795087,7.09511067
346.275,60.78798583,7.09517026
346.28,60.78801977,7.09523287
346.285,60.78805267,7.09529785
346.29,60.78808432,7.09536461
346.295,60.78811447,7.09543331
346.3,60.78814407,7.09550458
346.305,60.78815274,7.09563079
346.31,60.78818078,7.0957037
346.315,60.78820739,7.09577689
346.32,60.78823474,7.09585005
346.325,60.78826211,7.0959224
346.33,60.78828908,7.09599561
346.335,60.78831623,7.09606954
346.34,60.78834283,7.09614448
346.345,60.78836893,7.09621979
346.35,60.78839387,7.09629711
346.355,60.78841797,7.09637588
346.36,60.78844131,7.09645542
346.365,60.78846353,7.0965355
346.37,60.78848592,7.09661533
346.375,60.78850903,7.0966942
346.38,60.78853274,7.09677262
346.385,60.78855721,7.09684965
346.39,60.78858255,7.09692519
346.395,60.78860897,7.09699912
346.4,60.78863631,7.09707135
346.405,60.78866471,7.09714255
346.41,60.78869361,7.09721301
346.415,60.78872341,7.09728157
346.42,60.78875429,7.09734803
346.425,60.78878544,7.09741422
346.43,60.78881777,7.09747662
346.435,60.78885119,7.09753726
346.44,60.78888583,7.09759571
346.445,60.78892164,7.09765053
346.45,60.7889582,7.09770269
346.455,60.78899549,7.097752
346.46,60.78903405,7.09779833
346.465,60.7890735,7.09784231
346.47,60.78911379,7.09788296
346.475,60.78915485,7.09792032
346.48,60.78919631,7.09795526
346.485,60.78923843,7.09798677
346.49,60.78928123,7.09801476
346.495,60.78932455,7.09803872
346.5,60.78936825,7.09805993
346.505,60.78941248,7.09807746
346.51,60.789457,7.09809068
346.515,60.7895015,7.09810145
346.52,60.7895463,7.09810844
346.525,60.78959135,7.09811115
346.53,60.78963619,7.09811015
346.535,60.78968128,7.09810551
346.54,60.789726,7.09809689
346.545,60.78977036,7.09808427
346.55,60.78981499,7.09806795
346.555,60.7898589,7.09804976
346.56,60.78990245,7.09802826
346.565,60.78994572,7.09800388
346.57,60.78998858,7.09797799
346.575,60.79003159,7.09795066
346.58,60.7900742,7.0979227
346.585,60.79011752,7.0978947
346.59,60.79016167,7.09786766
346.595,60.79020399,7.09783899
346.6,60.79024674,7.09781103
346.605,60.79028964,7.0977842
346.61,60.79033296,7.09775908
346.615,60.79037394,7.09773428
346.62,60.79041612,7.0977136
346.625,60.7904599,7.09769413
346.63,60.790504,7.09767752
346.635,60.7905487,7.09766518
346.64,60.79059329,7.09765656
346.645,60.79063843,7.0976502
346.65,60.7906833,7.09764838
346.655,60.79072808,7.09765108
346.66,60.79077269,7.09765657
346.665,60.79081716,7.09766622
346.67,60.79086112,7.09768029
346.675,60.79090495,7.09769768
346.68,60.79094861,7.09771799
346.685,60.79099196,7.09774258
346.69,60.79105301,7.0977441
346.695,60.79110866,7.09775151
346.7,60.79115145,7.097783
346.705,60.79119364,7.09781954
346.71,60.79123494,7.0978597
346.715,60.79127499,7.09790347
346.72,60.79131448,7.09794905
346.725,60.79135261,7.09799793
346.73,60.79139005,7.09805005
346.735,60.79142676,7.09810473
346.74,60.79146205,7.09816247
346.745,60.79149643,7.0982217
346.75,60.7915306,7.09828136
346.755,60.79156422,7.09834172
346.76,60.7915953,7.09840793
346.765,60.79162018,7.09848414
346.77,60.79164875,7.09855313
346.775,60.79167891,7.09861979
346.78,60.79171005,7.0986841
346.785,60.79174191,7.09874749
346.79,60.79177404,7.0988104
346.795,60.79180657,7.09887308
346.8,60.79183939,7.09893451
346.805,60.79187242,7.0989959
346.81,60.79190544,7.09905731
346.815,60.79193881,7.09911817
346.82,60.79197276,7.09917817
346.825,60.79200671,7.0992376
346.83,60.79204089,7.09929691
346.835,60.79207552,7.09935512
346.84,60.79211044,7.09941276
346.845,60.79214516,7.09947049
346.85,60.79218048,7.09952708
346.855,60.79221616,7.09958252
346.86,60.79225172,7.09963787
346.865,60.79228755,7.09969263
346.87,60.7923238,7.09974632
346.875,60.79236015,7.09979968
346.88,60.79239646,7.09985278
346.885,60.79243339,7.09990493
346.89,60.79247057,7.09995648
346.895,60.79250804,7.10000725
346.9,60.79254561,7.10005736
346.905,60.79258356,7.10010636
346.91,60.79262176,7.10015481
346.915,60.79266017,7.10020207
346.92,60.79269892,7.1002488
346.925,60.79273804,7.10029464
346.93,60.79277729,7.10033912
346.935,60.79281692,7.10038241
346.94,60.79285673,7.10042487
346.945,60.79289694,7.10046563
346.95,60.79293755,7.10050322
346.955,60.79297844,7.10053976
346.96,60.79301962,7.1005758
346.965,60.79306139,7.10060863
346.97,60.7931037,7.10063866
346.975,60.79314593,7.1006682
346.98,60.79318873,7.10069594
346.985,60.79323172,7.10072019
346.99,60.79327516,7.10074384
346.995,60.79331865,7.10076745
347.0,60.79336232,7.10078892
347.005,60.79340588,7.1008096
347.01,60.79344965,7.10083165
347.015,60.79349355,7.10085376
347.02,60.79353711,7.10087639
347.025,60.79358062,7.1009005
347.03,60.79362358,7.10092628
347.035,60.79366599,7.10095509
347.04,60.79370852,7.10098557
347.045,60.79375036,7.10101847
347.05,60.7937915,7.10105509
347.055,60.79383264,7.10109311
347.06,60.79387289,7.10113265
347.065,60.79391281,7.10117581
347.07,60.79395197,7.10121977
347.075,60.79399133,7.1012652
347.08,60.79402994,7.10131123
347.085,60.79406866,7.10135887
347.09,60.79410729,7.10140639
347.095,60.7941458,7.10145289
347.1,60.79418452,7.10149991
347.105,60.79422291,7.10154655
347.11,60.7942621,7.10159187
347.115,60.79430159,7.10163532
347.12,60.79434145,7.10167729
347.125,60.79438138,7.10171892
347.13,60.79442164,7.10175854
347.135,60.79446273,7.10179532
347.14,60.79450359,7.10183072
347.145,60.79454504,7.10186509
347.15,60.7945868,7.10189622
347.155,60.79462894,7.10192635
347.16,60.79467114,7.1019545
347.165,60.79471421,7.10197976
347.17,60.79475762,7.10200254
347.175,60.79480122,7.10202445
347.18,60.79484486,7.1020444
347.185,60.79488769,7.1020635
347.19,60.79493312,7.10207955
347.195,60.79497834,7.10209461
347.2,60.79502309,7.10210894
347.205,60.79506746,7.10212278
347.21,60.79511219,7.10213578
347.215,60.79515665,7.10214911
347.22,60.79520114,7.10216223
347.225,60.79524581,7.10217524
347.23,60.79529031,7.10218784
347.235,60.79533481,7.10219959
347.24,60.79537896,7.10221042
347.245,60.79542368,7.10222139
347.25,60.79546839,7.10223091
347.255,60.7955134,7.10224078
347.26,60.79555853,7.10225087
347.265,60.79560369,7.10225823
347.27,60.79564865,7.10226502
347.275,60.79569333,7.10227065
347.28,60.79573787,7.10227644
347.285,60.79578275,7.10228112
347.29,60.7958275,7.10228506
347.295,60.79587219,7.10228801
347.3,60.79591699,7.10229162
347.305,60.79596182,7.10229404
347.31,60.7960061,7.10229749
347.315,60.79605116,7.10230033
347.32,60.79609583,7.10230379
347.325,60.79614084,7.10230881
347.33,60.79618547,7.10231455
347.335,60.79623025,7.10231842
347.34,60.79627365,7.10232485
347.345,60.79631742,7.10233192
347.35,60.79636168,7.10233732
347.355,60.79640645,7.10234242
347.36,60.79645113,7.10234619
347.365,60.79649533,7.10234964
347.37,60.79653956,7.10235465
347.375,60.7965842,7.10235973
347.38,60.79662935,7.10236594
347.385,60.79667383,7.10237425
347.39,60.79671903,7.10238299
347.395,60.79676351,7.1023951
347.4,60.79680822,7.10240973
347.405,60.79685265,7.1024262
347.41,60.79689686,7.10244498
347.415,60.79694093,7.10246728
347.42,60.79698461,7.10249209
347.425,60.79702789,7.10251915
347.43,60.79707052,7.1025501
347.435,60.79711287,7.10258371
347.44,60.79715457,7.10261936
347.445,60.79719542,7.10265837
347.45,60.79723565,7.10269967
347.455,60.79727571,7.1027424
347.46,60.79731517,7.10278681
347.465,60.79735438,7.10283164
347.47,60.79739323,7.10287676
347.475,60.79743244,7.10292263
347.48,60.79747161,7.10296808
347.485,60.79751095,7.10301334
347.49,60.79754998,7.10305873
347.495,60.79758904,7.10310472
347.5,60.79762784,7.10315042
347.505,60.79766695,7.1031959
347.51,60.7977059,7.1032414
347.515,60.79774493,7.10328651
347.52,60.79778379,7.1033326
347.525,60.79782261,7.10337606
347.53,60.79786145,7.10342026
347.535,60.79790026,7.10346394
347.54,60.79793935,7.10351011
347.545,60.79797827,7.10355581
347.55,60.79801721,7.10360296
347.555,60.79805633,7.10364883
347.56,60.79809514,7.1036961
347.565,60.79813375,7.10374399
347.57,60.79817262,7.10379078
347.575,60.79821133,7.10383827
347.58,60.79824982,7.10388614
347.585,60.79828849,7.1039341
347.59,60.79832667,7.10398342
347.595,60.79836445,7.10403382
347.6,60.79840214,7.10408532
347.605,60.79843915,7.10413783
347.61,60.79847529,7.1041924
347.615,60.79851143,7.10424735
347.62,60.79854688,7.10430341
347.625,60.79858183,7.10436125
347.63,60.79861602,7.10442024
347.635,60.79864997,7.10447967
347.64,60.79868353,7.10454126
347.645,60.79871626,7.10460424
347.65,60.7987485,7.10466799
347.655,60.79878024,7.10473297
347.66,60.79881154,7.10479896
347.665,60.79884221,7.10486618
347.67,60.79887248,7.10493425
347.675,60.79890195,7.10500335
347.68,60.79893093,7.10507339
347.685,60.79896044,7.10514279
347.69,60.79898915,7.10521258
347.695,60.7990172,7.10528458
347.7,60.79904561,7.10535512
347.705,60.79907424,7.10542546
347.71,60.79910226,7.10549748
347.715,60.79913055,7.10556817
347.72,60.79915906,7.10563864
347.725,60.7991872,7.10571009
347.73,60.79921565,7.10578035
347.735,60.79924398,7.10585063
347.74,60.79927237,7.10592129
347.745,60.79930093,7.10599157
347.75,60.79932955,7.1060615
347.755,60.79935793,7.10613174
347.76,60.79938648,7.10620246
347.765,60.79941484,7.10627277
347.77,60.79944322,7.106344
347.775,60.79947176,7.10641533
347.78,60.79950046,7.10648538
347.785,60.79952899,7.1065567
347.79,60.79955728,7.10662793
347.795,60.79958588,7.10669834
347.8,60.79961471,7.10676922
347.805,60.79964297,7.10684038
347.81,60.7996717,7.10691135
347.815,60.79970022,7.10698215
347.82,60.79972875,7.10705313
347.825,60.7997579,7.10712354
347.83,60.79978788,7.1071924
347.835,60.79981833,7.10725981
347.84,60.79984962,7.10732558
347.845,60.79988241,7.10738827
347.85,60.79991592,7.10744883
347.855,60.7999504,7.10750787
347.86,60.79998609,7.10756308
347.865,60.80002245,7.10761701
347.87,60.80005961,7.10766811
347.875,60.80009764,7.10771672
347.88,60.80013623,7.10776285
347.885,60.80017549,7.10780565
347.89,60.80021567,7.10784607
347.895,60.80025653,7.10788386
347.9,60.80029788,7.10791935
347.905,60.8003392,7.10795276
347.91,60.80038097,7.10798354
347.915,60.80042307,7.1080118
348.06,60.80137879,7.10896525
348.065,60.80171181,7.10948682
348.07,60.8016459,7.10940578
348.075,60.80163924,7.10943271
348.08,60.80153879,7.10943469
348.085,60.80153721,7.10954521
348.09,60.80158979,7.10962182
348.095,60.80163824,7.10969094
348.1,60.80169085,7.1097605
348.105,60.80173927,7.10982857
348.11,60.80176875,7.10988429
348.115,60.80180017,7.1099463
348.12,60.80181798,7.11000464
348.125,60.80185231,7.1100677
348.13,60.80188348,7.11013031
348.135,60.80191609,7.11019271
348.14,60.80196212,7.1103289
348.145,60.80202491,7.11042548
348.15,60.80206867,7.11048636
348.155,60.80210789,7.11054744
348.16,60.80214466,7.11060895
348.165,60.80218022,7.1106711
348.17,60.80221515,7.11073242
348.175,60.80224981,7.11079448
348.18,60.80228432,7.11085622
348.185,60.80231845,7.11091736
348.19,60.80235299,7.11097853
348.195,60.80238684,7.11103961
348.2,60.80242137,7.11110018
348.205,60.80245624,7.1111596
348.21,60.80249128,7.11121769
348.215,60.80252698,7.11127471
348.22,60.80256328,7.11132904
348.225,60.80260007,7.11138155
348.23,60.80263755,7.11143193
348.235,60.8026758,7.11147963
348.24,60.80271514,7.11152438
348.245,60.80275517,7.11156695
348.25,60.8027957,7.11160649
348.255,60.80283689,7.11164377
348.26,60.80287681,7.11167834
348.265,60.80291898,7.1117107
348.275,60.80301015,7.11176343
348.45,60.8045251,7.11271905
348.455,60.80460556,7.11263897
348.46,60.80463071,7.11270422
348.465,60.80462597,7.11283751
348.47,60.80465762,7.11290262
348.475,60.80469457,7.11295135
348.48,60.80473412,7.11299007
348.485,60.80477121,7.11303707
348.49,60.80480823,7.11308578
348.495,60.804845,7.11313472
348.5,60.80488169,7.1131849
348.505,60.80491842,7.11323445
348.51,60.80495674,7.11327063
348.515,60.80497054,7.11331001
348.52,60.80500589,7.1133642
348.525,60.8050424,7.11341704
348.53,60.80508011,7.11347042
348.535,60.805118,7.11352284
348.54,60.8051548,7.11357487
348.545,60.80519179,7.11362738
348.55,60.80522846,7.1136804
348.555,60.80526502,7.11373426
348.56,60.80530076,7.11378907
348.565,60.80533657,7.11384398
348.57,60.80537177,7.11390039
348.575,60.80540611,7.11395872
348.58,60.80543951,7.11401933
348.585,60.80547223,7.11408187
348.59,60.80550416,7.1141457
348.595,60.80553574,7.11421211
348.6,60.80556633,7.1142802
348.605,60.80559582,7.11435
348.61,60.80562438,7.1144213
348.615,60.80565176,7.11449338
348.62,60.80567811,7.11456749
348.625,60.80570326,7.11464262
348.63,60.8057277,7.11471879
348.635,60.80575127,7.11479684
348.64,60.80577398,7.11487607
348.645,60.80579609,7.11495637
348.65,60.80581778,7.1150376
348.655,60.80583883,7.1151192
348.66,60.80586005,7.11520064
348.665,60.80588118,7.11528252
348.67,60.80590242,7.11536413
348.675,60.80592373,7.11544573
348.68,60.80594491,7.11552718
348.685,60.8059657,7.11560881
348.69,60.80598621,7.11569061
348.695,60.80600682,7.11577249
348.7,60.8060272,7.11585463
348.705,60.80604747,7.11593663
348.71,60.80606796,7.11601828
348.715,60.80608837,7.11610015
348.72,60.8061087,7.11618193
348.725,60.80612913,7.11626383
348.73,60.80614958,7.11634585
348.735,60.80617009,7.11642781
348.74,60.80619082,7.11650957
348.745,60.80621123,7.11659158
348.75,60.80623152,7.11667356
348.755,60.80625159,7.11675603
348.76,60.80627033,7.11683982
348.765,60.80628859,7.11692344
348.77,60.80630629,7.11700821
348.775,60.80632143,7.11709495
348.78,60.80633503,7.11718249
348.785,60.80634846,7.11727025
348.79,60.80636027,7.11735888
348.795,60.80636943,7.11744899
348.8,60.80637809,7.11753897
348.805,60.80638503,7.1176298
348.81,60.80638991,7.11772154
348.815,60.80639481,7.11781243
348.82,60.80639736,7.11790398
348.825,60.80639914,7.11799603
348.83,60.80639879,7.11808771
348.835,60.80639536,7.1181793
348.84,60.80639178,7.11827079
348.845,60.80638857,7.11836253
348.85,60.80638404,7.11845368
348.855,60.80638013,7.11854409
348.86,60.80637683,7.11863465
348.865,60.80637493,7.11872489
348.87,60.80637481,7.11881449
348.875,60.80637749,7.11890289
348.88,60.80638047,7.11898696
348.885,60.80638465,7.11907539
348.94,60.80650041,7.12001746
348.945,60.80649709,7.12007013
348.95,60.80652095,7.12014913
348.955,60.80653375,7.12024058
348.96,60.80652045,7.12031804
348.965,60.80650843,7.12038254
348.97,60.80648033,7.12046709
348.975,60.80647871,7.12054837
348.98,60.80648278,7.1206318
348.985,60.80648788,7.12071544
348.99,60.8064927,7.12080014
348.995,60.80649779,7.12088568
349.0,60.8065066,7.12097158
349.005,60.80651871,7.12105754
349.01,60.8065306,7.12114328
349.015,60.8065408,7.12122927
349.02,60.80654786,7.12131509
349.025,60.80656102,7.12140124
349.03,60.80658722,7.1214909
349.035,60.8066235,7.12158376
349.04,60.80664951,7.12167404
349.045,60.8066715,7.12176278
349.05,60.8066919,7.1218512
349.055,60.80671127,7.12193828
349.06,60.80673126,7.12202577
349.065,60.80675158,7.12211098
349.07,60.80677378,7.12219482
349.075,60.80679669,7.12227612
349.08,60.80682139,7.12235606
349.085,60.8068475,7.12243404
349.09,60.80687446,7.12250954
349.095,60.80690287,7.12258316
349.1,60.80693298,7.12265491
349.105,60.80696452,7.12272432
349.11,60.80699722,7.12279068
349.115,60.80703044,7.12285521
349.12,60.80706519,7.12291724
349.125,60.8071007,7.12297605
349.13,60.80713743,7.12303223
349.135,60.80717506,7.1230858
349.14,60.80721383,7.12313598
349.145,60.80725386,7.12318418
349.15,60.80729421,7.1232292
349.155,60.80733599,7.12327029
349.16,60.80737796,7.12330807
349.165,60.80742094,7.12334232
349.17,60.807464,7.12337293
349.175,60.80750491,7.12340328
349.34,60.80895259,7.12345221
349.355,60.80892116,7.12339368
349.36,60.80905224,7.1234084
349.365,60.8090903,7.12341711
349.37,60.80913138,7.12342522
349.375,60.8091733,7.123433
349.38,60.80921605,7.12344187
349.385,60.80925912,7.12345331
349.39,60.80930281,7.12346567
349.395,60.80934612,7.12348066
349.4,60.80938943,7.12349711
349.675,60.81202925,7.12404085
349.68,60.81207934,7.12403046
349.685,60.81210435,7.12412885
349.69,60.81215083,7.12413672
349.695,60.81219767,7.12413898
349.7,60.81224858,7.12412611
349.705,60.81230374,7.12414583
349.71,60.81234946,7.12414112
349.715,60.81239339,7.12413594
349.72,60.81243741,7.12413231
349.725,60.8124814,7.12413043
349.73,60.81252577,7.12412833
349.735,60.8125707,7.12412889
349.74,60.81261591,7.12413195
349.745,60.8126613,7.12413683
349.75,60.81270609,7.12414274
349.755,60.81275075,7.12414889
349.76,60.81279524,7.12415538
349.765,60.81283964,7.12416154
349.77,60.81288425,7.12416711
349.775,60.81292883,7.1241726
349.78,60.81297342,7.12417769
349.785,60.81301808,7.12418322
349.79,60.81306295,7.12418828
349.795,60.81310771,7.12419296
349.8,60.8131526,7.12419722
349.805,60.81319739,7.12420096
349.81,60.81324227,7.12420409
349.815,60.81328717,7.12420643
349.82,60.81333206,7.12420827
349.825,60.813377,7.12420967
349.83,60.81342126,7.12420892
349.835,60.8134665,7.12420894
349.84,60.81351124,7.12420782
349.845,60.81355607,7.12420659
349.85,60.81360085,7.12420352
349.855,60.81364553,7.12420023
349.86,60.8136906,7.124196
349.865,60.81373561,7.12419212
349.87,60.81378059,7.12418676
349.875,60.81382449,7.12418271
349.88,60.81386936,7.12417626
349.885,60.81391012,7.12417024
349.89,60.81395874,7.12416234
349.895,60.81400354,7.12415416
349.9,60.81404837,7.12414599
349.905,60.81409297,7.12413727
349.91,60.81413759,7.12412788
349.915,60.81418253,7.12411824
349.92,60.81422675,7.12410801
349.925,60.81427149,7.1240973
349.93,60.81431604,7.12408611
349.935,60.81436044,7.12407458
349.94,60.81440503,7.12406232
349.945,60.81444947,7.12404948
349.95,60.81449398,7.12403645
349.955,60.81453829,7.12402302
349.96,60.81458266,7.12400865
349.965,60.81462692,7.1239939
349.97,60.81467114,7.12397924
349.975,60.81471549,7.12396358
349.98,60.81475949,7.12394684
349.985,60.81480363,7.12393043
349.99,60.81484784,7.1239136
349.995,60.81489162,7.12389455
350.0,60.81493552,7.12387506
350.005,60.81497934,7.1238552
350.01,60.81502292,7.12383395
350.015,60.81506639,7.12381164
350.02,60.81510988,7.12378891
350.025,60.8151533,7.12376501
350.03,60.81519641,7.12374011
350.035,60.81523946,7.12371448
350.04,60.81528232,7.12368783
350.045,60.81532513,7.12366055
350.05,60.8153677,7.12363237
350.055,60.81541043,7.12360303
350.06,60.81545273,7.12357325
350.065,60.81549504,7.12354238
350.07,60.81553692,7.12351079
350.075,60.81557893,7.12347832
350.08,60.81562073,7.12344491
350.085,60.81566228,7.12341097
350.09,60.8157039,7.12337625
350.095,60.81574522,7.12334014
350.1,60.81578645,7.12330373
350.105,60.81582758,7.12326664
350.11,60.81586845,7.12322875
350.115,60.81590942,7.12319052
350.12,60.81595018,7.12315183
350.125,60.81599108,7.12311299
350.13,60.81603202,7.12307487
350.135,60.81607308,7.12303756
350.14,60.81611436,7.12300066
350.145,60.81615588,7.12296648
350.15,60.81619803,7.12293451
350.155,60.81624073,7.12290463
350.16,60.81628369,7.1228779
350.165,60.81632715,7.12285401
350.17,60.81637088,7.12283268
350.175,60.8164149,7.12281421
350.18,60.81645946,7.12279851
350.185,60.81650414,7.12278647
350.19,60.81654871,7.12277729
350.195,60.81659353,7.12277044
350.2,60.81663852,7.12276719
350.205,60.8166835,7.12276619
350.21,60.81672841,7.12276842
350.215,60.81677333,7.12277367
350.22,60.81681837,7.12278107
350.225,60.81686287,7.12279172
350.23,60.81690738,7.12280454
350.235,60.81695173,7.1228192
350.24,60.81699566,7.12283555
350.245,60.81703974,7.12285232
350.25,60.81708408,7.12286943
350.255,60.81712809,7.12288686
350.26,60.81717218,7.1229038
350.265,60.81721625,7.12292087
350.27,60.8172603,7.12293798
350.275,60.81730456,7.12295473
350.28,60.81734863,7.12297193
350.285,60.81739276,7.12298895
350.29,60.81743695,7.12300563
350.295,60.81748098,7.12302224
350.3,60.81752535,7.12303879
350.305,60.81756957,7.12305481
350.31,60.81761379,7.12307026
350.315,60.8176581,7.12308552
350.32,60.81770222,7.12309971
350.325,60.81774664,7.12311237
350.33,60.81779085,7.12312258
350.335,60.81783525,7.12312855
350.34,60.81787998,7.12313133
350.345,60.81792445,7.1231305
350.35,60.81796803,7.12312562
350.355,60.81801537,7.12311664
350.36,60.81805271,7.12310655
350.365,60.81809722,7.12309107
350.37,60.81814479,7.12307026
350.375,60.81818772,7.1230472
350.38,60.81823033,7.12302054
350.385,60.81827242,7.12299107
350.39,60.81831396,7.12295907
350.395,60.81835525,7.12292269
350.4,60.81840069,7.12287835
350.405,60.81843737,7.12284024
350.41,60.8184746,7.1227978
350.415,60.81851281,7.12275091
350.42,60.81855033,7.12270142
350.425,60.81858722,7.12264969
350.43,60.81862357,7.12259581
350.435,60.81865929,7.12254031
350.44,60.81869469,7.12248405
350.445,60.8187303,7.12242777
350.45,60.81876556,7.12237116
350.455,60.81880106,7.12231514
350.46,60.81883692,7.12225982
350.465,60.81887256,7.12220468
350.47,60.81890872,7.12214999
350.475,60.81894493,7.12209611
350.48,60.81898147,7.12204288
350.485,60.81901844,7.12199092
350.49,60.81905581,7.12194015
350.495,60.81909381,7.12189095
350.5,60.81913207,7.12184341
350.505,60.81917112,7.12179716
350.51,60.81921046,7.12175268
350.515,60.81925025,7.12170991
350.52,60.81929031,7.1216692
350.525,60.81933096,7.12162976
350.53,60.81937199,7.12159207
350.535,60.81941331,7.12155614
350.54,60.81945475,7.12152102
350.545,60.81949617,7.12148594
350.55,60.81953773,7.12145177
350.555,60.81957928,7.12141831
350.56,60.81962102,7.12138448
350.565,60.81966277,7.12135121
350.57,60.81970471,7.12131875
350.575,60.81974658,7.12128638
350.58,60.81978849,7.12125426
350.585,60.81983053,7.12122287
350.59,60.81987256,7.121191
350.595,60.81991466,7.12116007
350.6,60.8199572,7.12112983
350.605,60.81999977,7.1210998
350.61,60.82004257,7.12107102
350.615,60.82008615,7.12104529
350.62,60.82012986,7.12102129
350.625,60.82017396,7.1209981
350.63,60.82021855,7.12097792
350.635,60.82026308,7.12095874
350.64,60.82030812,7.12094081
350.645,60.82035336,7.12092539
350.65,60.8203985,7.12091074
350.655,60.82044336,7.12089702
350.66,60.82048864,7.12088668
350.665,60.82053366,7.1208781
350.67,60.82057795,7.12087089
350.675,60.82062277,7.12086601
350.68,60.82066827,7.12086361
350.685,60.82071336,7.12086233
350.69,60.82075783,7.1208624
350.695,60.82080237,7.12086416
350.7,60.82084728,7.12086616
350.705,60.82089234,7.12086807
350.71,60.82093642,7.12086978
350.715,60.82098198,7.1208729
350.72,60.82102704,7.12087592
350.725,60.82107197,7.12087919
350.73,60.82111735,7.12088181
350.735,60.82116245,7.12088455
350.74,60.82120828,7.12088776
350.745,60.82125425,7.1208902
350.75,60.82129921,7.12089117
350.755,60.82134462,7.12089347
350.76,60.82138974,7.12089445
350.765,60.821434,7.12089237
350.77,60.8214784,7.12088814
350.775,60.82152339,7.12088243
350.78,60.82156896,7.12087401
350.785,60.82161452,7.12086405
350.79,60.82165999,7.12085006
350.795,60.82170486,7.12083395
350.8,60.82174826,7.12081504
350.805,60.82179078,7.12079052
350.81,60.82183277,7.12076162
350.815,60.82187414,7.12073139
350.82,60.82191538,7.12069788
350.825,60.82195581,7.12065993
350.83,60.82199562,7.1206197
350.835,60.82203492,7.12057682
350.84,60.82207363,7.12053088
350.845,60.82211179,7.12048315
350.85,60.82214924,7.12043221
350.855,60.8221855,7.12037889
350.86,60.82222089,7.12032315
350.865,60.82225557,7.12026469
350.87,60.82228917,7.12020442
350.875,60.82232184,7.12014146
350.88,60.82235409,7.12007648
350.885,60.82238545,7.12000993
350.89,60.82241604,7.11994208
350.895,60.82244673,7.11987365
350.9,60.82247619,7.11980382
350.905,60.82250532,7.11973344
350.91,60.82253534,7.11966407
350.915,60.82256576,7.11959537
350.92,60.82259665,7.11952739
350.925,60.8226278,7.1194612
350.93,60.82265955,7.1193949
350.935,60.82268763,7.11932924
350.94,60.82271972,7.1192699
350.965,60.8228987,7.11900563
350.97,60.82293526,7.11896208
350.975,60.82297751,7.1189203
350.98,60.82301739,7.11885943
350.985,60.82305661,7.11881174
350.99,60.82309738,7.11877346
350.995,60.82313934,7.11873912
351.0,60.82318154,7.11871152
351.005,60.82322311,7.11868586
351.01,60.82326453,7.11866509
351.015,60.82330894,7.11864887
351.02,60.82335331,7.1186344
351.025,60.82339744,7.11862082
351.03,60.82344199,7.11861085
351.035,60.82348697,7.11860566
351.04,60.82353187,7.11859973
351.045,60.82357683,7.11859777
351.05,60.82362178,7.11859975
351.055,60.82366688,7.1186042
351.06,60.82371167,7.11861106
351.065,60.82375638,7.1186214
351.07,60.82380089,7.11863483
351.075,60.82384525,7.11865057
351.08,60.82388948,7.11866938
351.085,60.82393314,7.11869011
351.09,60.82397711,7.11871291
351.095,60.82402065,7.11873625
351.1,60.8240639,7.11875954
351.105,60.82410734,7.11878353
351.11,60.82415077,7.11880749
351.115,60.82419407,7.11883108
351.12,60.82423735,7.11885476
351.125,60.82428052,7.11887904
351.13,60.82431771,7.1189046
351.135,60.82435206,7.11893535
351.61,60.82830752,7.12237294
351.615,60.82835382,7.12237839
351.62,60.82841834,7.12232752
351.625,60.82846263,7.12236305
351.63,60.82848288,7.12245209
351.635,60.82850824,7.12252157
351.64,60.82847134,7.12261541
351.645,60.82848448,7.1226565
351.65,60.8284938,7.12264579
351.655,60.82851497,7.12270824
351.66,60.82853824,7.12277942
351.665,60.82856309,7.122853
351.67,60.82857964,7.12293121
351.675,60.82860643,7.12300609
351.68,60.82863756,7.12308828
351.685,60.82866639,7.12315824
351.69,60.82869623,7.12322616
351.695,60.82872748,7.12329201
351.7,60.82875972,7.12335627
351.705,60.82879297,7.12341765
351.71,60.82882729,7.12347698
351.715,60.82886245,7.12353365
351.72,60.82889856,7.12358756
351.725,60.82893566,7.12363938
351.73,60.82897356,7.12368826
351.735,60.82901241,7.12373414
351.74,60.82905172,7.1237773
351.745,60.82909176,7.12381719
351.75,60.82913261,7.12385397
351.755,60.82917378,7.12388808
351.76,60.82921592,7.12391914
351.765,60.8292584,7.12394701
351.77,60.82930131,7.12397225
351.775,60.82934484,7.12399447
351.78,60.82938841,7.1240137
351.785,60.82943271,7.12403008
351.79,60.82947699,7.12404377
351.795,60.82952163,7.12405431
351.8,60.82956646,7.12406153
351.805,60.82961143,7.12406629
351.81,60.82965651,7.12406783
351.815,60.82970132,7.12406592
351.82,60.82974622,7.12406162
351.825,60.82979125,7.12405507
351.83,60.82983592,7.12404522
351.835,60.82988043,7.12403235
351.84,60.82992469,7.12401681
351.845,60.82996862,7.12399884
351.85,60.83001238,7.12397847
351.855,60.83006061,7.12395418
351.86,60.83009961,7.12393246
351.865,60.83014276,7.12390767
351.87,60.8301861,7.12388299
351.875,60.83022942,7.12385774
351.88,60.83027266,7.12383238
351.885,60.83031607,7.12380728
351.89,60.83035924,7.12378275
351.895,60.83040266,7.12375853
351.9,60.83044586,7.1237348
351.905,60.83048927,7.12371187
351.91,60.83053283,7.12368975
351.915,60.83057637,7.12366821
351.92,60.83062003,7.12364744
351.925,60.83066363,7.12362731
351.93,60.83070733,7.12360793
351.935,60.83075121,7.12358934
351.94,60.83079529,7.12357149
351.945,60.83083934,7.12355416
351.95,60.83088353,7.12353787
351.955,60.83092765,7.12352246
351.96,60.83097191,7.12350757
351.965,60.83101616,7.12349365
351.97,60.83106057,7.12348056
351.975,60.83110481,7.12346755
351.98,60.8311494,7.12345634
351.985,60.83119392,7.12344522
351.99,60.83123848,7.12343513
351.995,60.83128316,7.12342574
352.0,60.8313334,7.12341586
352.005,60.8313736,7.12340917
352.01,60.83141719,7.1234027
352.015,60.83146186,7.1233963
352.02,60.83150652,7.12339039
352.025,60.83155139,7.12338638
352.03,60.8315962,7.12338243
352.035,60.83164098,7.12337911
352.04,60.83168592,7.12337659
352.045,60.83173069,7.12337499
352.05,60.83177541,7.12337438
352.055,60.83182025,7.12337439
352.06,60.83186492,7.12337515
352.065,60.83190973,7.12337684
352.07,60.83195452,7.12337923
352.075,60.83199939,7.12338264
352.08,60.8320442,7.12338658
352.085,60.83208896,7.12339154
352.09,60.83213355,7.12339711
352.095,60.83217831,7.12340352
352.1,60.83222302,7.12341063
352.105,60.83226774,7.12341823
352.11,60.8323123,7.12342674
352.115,60.83235691,7.12343619
352.12,60.83240142,7.12344598
352.125,60.83244598,7.12345676
352.13,60.83249056,7.12346828
352.135,60.8325349,7.12348054
352.14,60.83257937,7.12349351
352.145,60.83262374,7.123507
352.15,60.83266795,7.12352171
352.155,60.8327121,7.12353714
352.16,60.83275621,7.12355381
352.165,60.83280024,7.12357124
352.17,60.83284417,7.12359013
352.175,60.83288798,7.1236095
352.18,60.83293171,7.12363095
352.185,60.83297503,7.12365435
352.19,60.83301823,7.12367918
352.195,60.83306141,7.12370686
352.2,60.83310385,7.12373629
352.205,60.83314611,7.12376801
352.21,60.83318786,7.12380169
352.215,60.83322927,7.12383735
352.22,60.83327015,7.12387541
352.225,60.8333105,7.12391608
352.23,60.83335026,7.12395873
352.235,60.83338967,7.12400305
352.24,60.83342852,7.12404955
352.245,60.83346655,7.12409818
352.25,60.83350427,7.12414864
352.255,60.83354126,7.12420054
352.26,60.83357775,7.12425425
352.265,60.83361344,7.12430999
352.27,60.83364837,7.12436761
352.275,60.83368323,7.12442587
352.28,60.83371727,7.124486
352.285,60.833751,7.1245466
352.29,60.83378448,7.12460803
352.295,60.83381792,7.12466929
352.3,60.83385136,7.12473062
352.305,60.83388473,7.12479226
352.31,60.83391823,7.12485341
352.315,60.83395219,7.12491393
352.32,60.83398678,7.1249726
352.33,60.83408567,7.12513301
352.335,60.83409244,7.12514325
352.34,60.83412876,7.12519719
352.345,60.83416558,7.12524964
352.35,60.83420298,7.1253009
352.355,60.83424071,7.12535061
352.36,60.83427893,7.12539817
352.365,60.83431763,7.12544454
352.37,60.83435676,7.12548949
352.375,60.83439642,7.12553257
352.38,60.83443663,7.12557463
352.385,60.83447699,7.12561475
352.39,60.83451775,7.12565305
352.395,60.8345589,7.12568948
352.4,60.83460038,7.12572439
352.405,60.83464227,7.12575779
352.41,60.83468446,7.1257885
352.415,60.8347266,7.12581976
352.42,60.83476947,7.12584665
352.425,60.8348127,7.12587303
352.43,60.83485594,7.12589697
352.435,60.83489945,7.12592004
352.44,60.83494331,7.12594063
352.445,60.83498725,7.12595956
352.45,60.83503136,7.12597568
352.455,60.83507594,7.12598935
352.46,60.83512067,7.12600022
352.465,60.83516517,7.12600814
352.47,60.83521024,7.12601289
352.475,60.8352551,7.12601483
352.48,60.83530028,7.12601491
352.485,60.83534505,7.12601083
352.49,60.83538975,7.12600449
352.495,60.83543415,7.12599409
352.5,60.83547862,7.12598152
352.505,60.83552255,7.12596584
352.51,60.83556624,7.12594606
352.515,60.83560952,7.12592333
352.52,60.83565243,7.1258981
352.525,60.83569489,7.12586955
352.53,60.83573684,7.12583821
352.535,60.83577823,7.12580376
352.54,60.83581921,7.12576672
352.545,60.83585946,7.1257271
352.55,60.83589928,7.12568517
352.555,60.83593838,7.125641
352.56,60.83597698,7.12559443
352.565,60.8360151,7.12554627
352.57,60.83605281,7.12549652
352.575,60.83609028,7.12544586
352.58,60.83612767,7.12539426
352.585,60.83616462,7.12534266
352.59,60.83620184,7.12529056
352.595,60.83623915,7.12523865
352.6,60.83631134,7.12514049
352.605,60.83631427,7.1251364
352.61,60.83635197,7.12508662
352.615,60.83639028,7.12503849
352.62,60.83642892,7.12499172
352.625,60.83646801,7.12494651
352.63,60.83650763,7.12490298
352.635,60.83654754,7.12486132
352.64,60.83658808,7.12482088
352.645,60.8366287,7.12478245
352.65,60.83666987,7.1247459
352.655,60.83671158,7.12471128
352.66,60.83675338,7.12467805
352.665,60.83679559,7.12464626
352.67,60.83683798,7.12461604
352.675,60.83688078,7.12458751
352.68,60.83692348,7.12455984
352.685,60.83696647,7.12453265
352.69,60.83700947,7.1245056
352.695,60.83705239,7.12447905
352.7,60.83709549,7.12445252
352.705,60.83713845,7.1244256
352.71,60.83718149,7.12439921
352.715,60.83722453,7.12437299
352.72,60.83726766,7.12434611
352.725,60.83731224,7.12431849
352.73,60.83735691,7.12429175
352.735,60.83739671,7.12426778
352.74,60.83743963,7.12424092
352.745,60.83748261,7.12421451
352.75,60.83752587,7.12418894
352.755,60.83756904,7.12416261
352.76,60.83761209,7.12413605
352.765,60.83765509,7.12410957
352.77,60.83769813,7.12408366
352.775,60.83774117,7.12405747
352.78,60.83778416,7.12403094
352.785,60.83782715,7.12400504
352.79,60.83787025,7.12397917
352.795,60.83791329,7.12395266
352.8,60.83795968,7.12392435
352.805,60.83799941,7.1239008
352.81,60.83804253,7.12387502
352.815,60.83808543,7.12384864
352.82,60.8381284,7.12382277
352.825,60.8381717,7.1237974
352.83,60.83821457,7.12377154
352.835,60.83825765,7.12374523
352.84,60.83830109,7.12372021
352.845,60.83834937,7.12369081
352.85,60.83841234,7.12365366
352.855,60.83843008,7.12364292
352.86,60.83847297,7.12361724
352.865,60.83851604,7.123592
352.87,60.838559,7.12356627
352.875,60.83860192,7.1235405
352.88,60.83864495,7.12351537
352.885,60.83868782,7.12348971
352.89,60.8387309,7.12346432
352.895,60.83877398,7.12343915
352.9,60.83881677,7.12341264
352.905,60.83886004,7.12338693
352.91,60.8389031,7.12336137
352.915,60.83894603,7.12333496
352.92,60.8389892,7.12330912
352.925,60.83903223,7.12328312
352.93,60.83907522,7.12325667
352.935,60.83911823,7.12323093
352.94,60.83916131,7.12320489
352.945,60.83920427,7.12317835
352.95,60.83924733,7.12315268
352.955,60.83929032,7.12312637
352.96,60.83933324,7.12309974
352.965,60.83937629,7.12307355
352.97,60.83941928,7.123047
352.975,60.83946235,7.12302034
352.98,60.8395054,7.12299425
352.985,60.83954843,7.12296761
352.99,60.8395913,7.12294103
352.995,60.83963425,7.12291468
353.0,60.8396773,7.12288803
353.005,60.83972015,7.12286102
353.01,60.83976314,7.12283397
353.015,60.83980584,7.12280671
353.02,60.8398488,7.12277936
353.025,60.83989169,7.12275181
353.03,60.83993443,7.12272385
353.035,60.83997715,7.1226951
353.04,60.84002302,7.12266439
353.045,60.84006274,7.12263822
353.05,60.84010567,7.12261077
353.055,60.84019218,7.12255416
353.06,60.84019218,7.12255416
353.065,60.84023444,7.12252674
353.07,60.84027753,7.12249916
353.075,60.84032064,7.12247205
353.08,60.84036358,7.12244616
353.085,60.8404072,7.12242155
353.09,60.84045085,7.12239923
353.095,60.84049487,7.12237964
353.1,60.84053923,7.12236217
353.105,60.84058387,7.12234809
353.11,60.84062776,7.12233725
353.115,60.84067563,7.1223279
353.12,60.84071836,7.12232268
353.125,60.84076324,7.12231954
353.13,60.84080831,7.12231946
353.135,60.84085332,7.12232192
353.14,60.84089803,7.12232662
353.145,60.84094289,7.12233295
353.15,60.84098747,7.12234016
353.155,60.84103223,7.122348
353.16,60.84107681,7.12235674
353.165,60.84112128,7.12236578
353.17,60.84116526,7.12237423
353.175,60.84121306,7.12238384
353.18,60.84125501,7.12239298
353.185,60.84129952,7.12240232
353.19,60.8413442,7.12241146
353.195,60.84138877,7.12242124
353.2,60.84143338,7.12243081
353.205,60.84147794,7.12244019
353.21,60.84152257,7.1224498
353.215,60.8415672,7.12245974
353.22,60.84161201,7.1224692
353.225,60.84165659,7.12247863
353.23,60.84170119,7.12248854
353.235,60.84174319,7.12249759
353.24,60.84179157,7.12250778
353.245,60.84183485,7.12251674
353.25,60.84187953,7.1225258
353.255,60.84192425,7.12253371
353.26,60.841969,7.1225402
353.265,60.84201392,7.12254472
353.27,60.84205848,7.12254617
353.275,60.84210326,7.12254486
353.28,60.84214803,7.12254069
353.285,60.84219251,7.12253339
353.29,60.84223702,7.12252278
353.295,60.84228121,7.12250968
353.3,60.84232545,7.12249247
353.305,60.84236931,7.12247276
353.31,60.84241257,7.12244932
353.315,60.84245575,7.12242287
353.32,60.8424983,7.12239428
353.325,60.84253995,7.12236081
353.33,60.84258124,7.12232543
353.335,60.84262204,7.12228757
353.34,60.84266195,7.12224611
353.345,60.8427014,7.122203
353.35,60.84274001,7.12215649
353.355,60.84277793,7.12210765
353.36,60.84281528,7.1220571
353.365,60.84290267,7.12193016
353.37,60.84290267,7.12193016
353.375,60.84292517,7.12189754
353.38,60.84296105,7.12184237
353.385,60.84299728,7.12178814
353.39,60.8430337,7.12173462
353.395,60.8430698,7.12167965
353.4,60.84310585,7.12162502
353.405,60.84314252,7.1215718
353.41,60.84317923,7.12151869
353.415,60.84321553,7.12146454
353.42,60.84325238,7.12141173
353.425,60.84328957,7.1213604
353.43,60.84332683,7.12130861
353.435,60.84336432,7.12125796
353.44,60.84340218,7.12120838
353.445,60.84344012,7.12115935
353.45,60.8434783,7.12111059
353.455,60.8435169,7.12106338
353.46,60.84355518,7.12101641
353.465,60.84359418,7.12097029
353.47,60.84363294,7.12092493
353.475,60.84367217,7.12088049
353.48,60.84371172,7.12083677
353.485,60.84375132,7.12079355
353.49,60.84379123,7.1207512
353.495,60.84383128,7.12071022
353.5,60.8438714,7.12066935
353.505,60.84391189,7.12062993
353.51,60.84395225,7.12059148
353.515,60.84399301,7.1205532
353.52,60.84403399,7.12051664
353.525,60.84407514,7.12048104
353.53,60.84411667,7.12044483
353.535,60.8441579,7.12041081
353.54,60.84420006,7.12037791
353.545,60.84424193,7.12034601
353.55,60.84428391,7.12031407
353.555,60.8443263,7.12028405
353.56,60.84436897,7.12025498
353.565,60.84441168,7.12022693
353.57,60.8444545,7.12019912
353.575,60.84449752,7.12017211
353.58,60.84454072,7.12014631
353.585,60.84458376,7.12012147
353.59,60.84462711,7.12009694
353.595,60.84467045,7.12007332
353.6,60.84471387,7.12005058
353.605,60.84475749,7.12002869
353.61,60.84480121,7.12000783
353.615,60.84484491,7.1199873
353.62,60.84488881,7.11996791
353.625,60.84493261,7.11994963
353.63,60.84497688,7.1199315
353.635,60.84502107,7.11991462
353.64,60.84506528,7.1198986
353.645,60.84510954,7.11988322
353.65,60.84515375,7.11986883
353.655,60.84519836,7.1198553
353.66,60.8452426,7.11984265
353.665,60.84528721,7.11983086
353.67,60.8453317,7.11982015
353.675,60.84537619,7.1198099
353.68,60.84542096,7.11980081
353.685,60.84546572,7.11979209
353.69,60.8455103,7.1197843
353.695,60.84555502,7.11977773
353.7,60.84559975,7.11977147
353.705,60.84564453,7.11976536
353.71,60.84568941,7.11976
353.715,60.84573422,7.1197547
353.72,60.84577895,7.11974941
353.725,60.84582382,7.11974447
353.73,60.8458686,7.1197394
353.735,60.84591351,7.11973469
353.74,60.84595848,7.11973017
353.745,60.8460034,7.11972511
353.75,60.84604692,7.11972035
353.755,60.84609436,7.11971551
353.76,60.84613806,7.11971095
353.765,60.84618298,7.11970584
353.77,60.84622788,7.11970126
353.775,60.84627281,7.11969655
353.78,60.84631733,7.11969116
353.785,60.84635765,7.11968648
353.79,60.84640715,7.11968042
353.795,60.84645209,7.11967482
353.8,60.84649679,7.11966834
353.805,60.84654153,7.11966167
353.81,60.84658633,7.11965431
353.815,60.84663074,7.11964467
353.82,60.84667518,7.1196328
353.825,60.84671938,7.119618
353.83,60.84676328,7.11960071
353.835,60.84680689,7.11958022
353.84,60.84685009,7.11955683
353.845,60.84689303,7.11953121
353.85,60.84693534,7.11950176
353.855,60.84697728,7.11946968
353.86,60.84701866,7.11943494
353.865,60.84705947,7.11939683
353.87,60.84709957,7.11935628
353.875,60.84713888,7.11931302
353.88,60.8471776,7.11926702
353.885,60.84721562,7.11921813
353.89,60.84725267,7.11916675
353.895,60.84728902,7.11911279
353.9,60.84732432,7.11905621
353.905,60.84736224,7.11899101
353.91,60.84739214,7.11893569
353.915,60.84742416,7.11887252
353.92,60.84745547,7.11880668
353.925,60.847486,7.11873921
353.93,60.84751783,7.11866215
353.935,60.84754351,7.11859624
353.94,60.84757036,7.11852426
353.945,60.84759629,7.11844914
353.95,60.8476212,7.1183728
353.955,60.84764594,7.11829593
353.96,60.8476707,7.11821909
353.965,60.84769501,7.11814167
353.97,60.84771928,7.11806406
353.975,60.84774391,7.11798708
353.98,60.84777199,7.11789974
353.985,60.84779378,7.11783
353.99,60.84781749,7.11775592
353.995,60.84784421,7.11767447
354.0,60.84788834,7.11754032
354.005,60.847893,7.11752685
354.01,60.84791841,7.11745118
354.015,60.84794481,7.11737667
354.02,60.84797178,7.11730325
354.025,60.84799933,7.11723038
354.03,60.84802748,7.11715877
354.035,60.84805627,7.11708821
354.04,60.84808544,7.11701854
354.045,60.84811496,7.11694928
354.05,60.84814529,7.11688128
354.055,60.84817609,7.1168147
354.06,60.84820733,7.11674827
354.065,60.84823933,7.11668346
354.07,60.84827154,7.11661976
354.075,60.84830461,7.11655688
354.08,60.84833783,7.11649562
354.085,60.84837191,7.11643507
354.09,60.84840645,7.11637585
354.095,60.84844108,7.11631776
354.1,60.84847637,7.11626114
354.105,60.8485122,7.11620535
354.11,60.84854823,7.11615115
354.115,60.84858499,7.11609805
354.12,60.84862193,7.1160462
354.125,60.84865955,7.11599543
354.13,60.8486975,7.11594602
354.135,60.84873565,7.11589785
354.14,60.84877439,7.11585134
354.145,60.84881336,7.11580616
354.15,60.84885266,7.11576179
354.155,60.84889264,7.11571935
354.16,60.8489328,7.11567803
354.165,60.84897319,7.11563781
354.17,60.84901379,7.11559889
354.175,60.84905472,7.11556128
354.18,60.84909584,7.11552449
354.185,60.84913727,7.11548891
354.19,60.84917883,7.1154538
354.195,60.84922048,7.1154193
354.2,60.84926221,7.11538524
354.205,60.84930387,7.11535123
354.21,60.84934563,7.11531719
354.215,60.8493875,7.11528319
354.22,60.84942925,7.11524903
354.225,60.8494709,7.11521472
354.23,60.84951259,7.11518034
354.235,60.84955433,7.11514596
354.24,60.84959589,7.11511101
354.245,60.84963748,7.11507604
354.25,60.84967891,7.11504058
354.255,60.84972026,7.115005
354.26,60.84976565,7.11496521
354.265,60.84980274,7.11493205
354.27,60.84984396,7.11489498
354.275,60.84988518,7.11485791
354.28,60.84992602,7.11482004
354.285,60.84996682,7.11478176
354.29,60.85000742,7.11474277
354.295,60.85004831,7.11470415
354.3,60.85008893,7.11466473
354.305,60.85013252,7.11462213
354.31,60.85016984,7.11458483
354.315,60.85021009,7.11454412
354.32,60.8502539,7.11449995
354.325,60.85029062,7.11446233
354.33,60.8503307,7.11442075
354.335,60.85037074,7.11437926
354.34,60.85041079,7.11433747
354.345,60.85045098,7.11429585
354.35,60.85049102,7.11425419
354.355,60.85053113,7.11421223
354.36,60.85057119,7.11417041
354.365,60.85061135,7.11412882
354.37,60.85065133,7.11408692
354.375,60.85069149,7.11404517
354.38,60.85073162,7.11400371
354.385,60.85077145,7.11396142
354.39,60.85081155,7.11392002
354.395,60.85085173,7.11387841
354.4,60.85089175,7.1138366
354.405,60.85093168,7.11379423
354.41,60.85097189,7.11375325
354.415,60.85101212,7.1137116
354.42,60.85105202,7.11366924
354.425,60.85109215,7.11362764
354.43,60.85113238,7.11358626
354.435,60.85117247,7.11354431
354.44,60.85121264,7.11350269
354.445,60.85125267,7.11346075
354.45,60.85129272,7.11341907
354.455,60.85133277,7.11337728
354.46,60.85137296,7.1133355
354.465,60.85141318,7.11329359
354.47,60.85145338,7.11325156
354.475,60.85149329,7.11321037
354.48,60.85153333,7.11316841
354.485,60.85157345,7.11312641
354.49,60.8516136,7.11308522
354.495,60.85165373,7.11304393
354.5,60.85169393,7.11300244
354.505,60.8517345,7.11296167
354.51,60.85177468,7.11292166
354.515,60.8518151,7.11288164
354.52,60.85185571,7.11284224
354.525,60.85189638,7.11280388
354.53,60.85199951,7.11271016
354.535,60.85199951,7.11271016
354.54,60.85201996,7.11269232
354.545,60.85206146,7.11265712
354.55,60.85210292,7.1126228
354.555,60.85214467,7.11258848
354.56,60.85218663,7.11255568
354.565,60.85222893,7.11252437
354.57,60.85227112,7.11249314
354.575,60.85231358,7.11246268
354.58,60.85235627,7.1124341
354.585,60.85239908,7.112406
354.59,60.85244171,7.11237815
354.595,60.85248469,7.11235149
354.6,60.85252765,7.11232619
354.605,60.85257091,7.11230107
354.61,60.85261413,7.11227681
354.615,60.85265759,7.11225425
354.62,60.85270129,7.11223233
354.625,60.85274474,7.1122103
354.63,60.85278856,7.11219021
354.635,60.85283262,7.11217128
354.64,60.8528766,7.11215235
354.645,60.85292071,7.11213431
354.65,60.85296485,7.11211786
354.655,60.85300909,7.11210192
354.66,60.85305345,7.11208659
354.665,60.85309774,7.1120727
354.67,60.8531423,7.11205963
354.675,60.85318671,7.11204717
354.68,60.85323114,7.11203596
354.685,60.85327602,7.11202563
354.69,60.85332544,7.11201414
354.695,60.85336752,7.11200563
354.7,60.85340996,7.11199809
354.705,60.85345456,7.11198989
354.71,60.85349935,7.11198186
354.715,60.85354419,7.11197472
354.72,60.85358897,7.11196753
354.725,60.85363383,7.11196081
354.73,60.85367845,7.11195413
354.735,60.85372326,7.1119468
354.74,60.85376808,7.11194075
354.745,60.85381293,7.11193428
354.75,60.85385765,7.11192716
354.755,60.85390249,7.11192094
354.76,60.85394718,7.11191419
354.765,60.85399193,7.1119074
354.77,60.85403677,7.11190127
354.775,60.85408165,7.11189419
354.78,60.85412546,7.11188779
354.785,60.85417221,7.11188128
354.79,60.85421603,7.11187418
354.795,60.85426092,7.11186795
354.8,60.85430572,7.11186161
354.805,60.85435054,7.11185472
354.81,60.85439544,7.11184834
354.815,60.85444024,7.11184165
354.82,60.85448495,7.1118339
354.825,60.8545298,7.11182678
354.83,60.85457461,7.11181932
354.835,60.85461936,7.11181118
354.84,60.85466421,7.11180176
354.845,60.85470871,7.11179179
354.85,60.85475328,7.11178125
354.855,60.85479772,7.1117683
354.86,60.85484216,7.11175438
354.865,60.85488638,7.1117395
354.87,60.8549304,7.11172228
354.875,60.85497455,7.11170448
354.88,60.85501835,7.11168466
354.885,60.85506197,7.11166267
354.89,60.85510539,7.11164037
354.895,60.85514886,7.11161686
354.9,60.85519175,7.11159005
354.905,60.85529284,7.11152516
354.91,60.85529284,7.11152516
354.915,60.85531997,7.11150523
354.92,60.85536207,7.11147316
354.925,60.85540394,7.11144088
354.93,60.85544561,7.1114059
354.935,60.85552567,7.11133516
354.94,60.85552782,7.1113332
354.945,60.85556846,7.11129354
354.95,60.85560883,7.11125315
354.955,60.85564902,7.11121259
354.96,60.85568869,7.11116917
354.965,60.85572806,7.11112508
354.97,60.85576743,7.11108043
354.975,60.85580612,7.11103353
354.98,60.85584459,7.11098658
354.985,60.85588302,7.11093881
354.99,60.85592112,7.11088975
354.995,60.85595922,7.11084075
355.0,60.85599731,7.11079162
355.005,60.85603508,7.11074209
355.01,60.85607308,7.11069251
355.015,60.85611102,7.11064315
355.02,60.85614882,7.11059358
355.025,60.85618677,7.11054403
355.03,60.85622469,7.11049464
355.035,60.85626251,7.1104451
355.04,60.85630047,7.11039558
355.045,60.85633842,7.11034601
355.05,60.85637623,7.11029637
355.055,60.8564142,7.11024712
355.06,60.85645216,7.11019762
355.065,60.85648994,7.11014782
355.07,60.85652796,7.11009833
355.075,60.85656602,7.11004902
355.08,60.85660399,7.10999928
355.085,60.85664178,7.10994981
355.09,60.85667967,7.10990051
355.095,60.85671764,7.10985069
355.1,60.85675555,7.10980129
355.105,60.85679352,7.10975214
355.11,60.85682817,7.10970636
355.115,60.85686929,7.10965283
355.12,60.85690707,7.10960344
355.125,60.856945,7.10955378
355.13,60.85698309,7.10950435
355.135,60.85702083,7.10945472
355.14,60.85705867,7.10940539
355.145,60.85709652,7.10935584
355.15,60.8571345,7.10930632
355.155,60.85717222,7.10925682
355.16,60.8572102,7.10920737
355.165,60.85725088,7.10915445
355.17,60.85728572,7.10910819
355.175,60.85732362,7.10905868
355.18,60.85736177,7.10900982
355.185,60.85739968,7.1089604
355.19,60.85743772,7.10891158
355.195,60.85747591,7.10886275
355.2,60.857514,7.10881411
355.205,60.85755247,7.10876678
355.21,60.85759169,7.10872131
355.215,60.85763123,7.1086778
355.22,60.85767152,7.108637
355.225,60.85771235,7.10859897
355.23,60.85775363,7.10856338
355.235,60.85779545,7.10853064
355.24,60.8578379,7.10850086
355.245,60.85788079,7.10847369
355.25,60.85792409,7.10844984
355.255,60.85796774,7.10842876
355.26,60.85801168,7.10841043
355.265,60.85805568,7.10839466
355.27,60.85810021,7.10838228
355.275,60.85814473,7.10837191
355.28,60.85818938,7.10836399
355.285,60.85823441,7.10835847
355.29,60.85827939,7.10835379
355.295,60.85832422,7.10835034
355.3,60.8583692,7.10834743
355.305,60.8584141,7.1083446
355.31,60.858459,7.10834114
355.315,60.85850382,7.1083365
355.32,60.85854851,7.10833104
355.325,60.85859338,7.10832366
355.33,60.8586378,7.10831421
355.335,60.85868234,7.1083032
355.34,60.85872663,7.10828954
355.345,60.85877075,7.10827385
355.35,60.85881481,7.10825671
355.355,60.85885872,7.1082368
355.36,60.8589022,7.10821466
355.365,60.85894565,7.10819144
355.37,60.85898874,7.10816623
355.375,60.8590316,7.10813902
355.38,60.85907472,7.10811091
355.385,60.85911741,7.10808238
355.39,60.85915999,7.10805346
355.395,60.8592025,7.10802421
355.4,60.85924525,7.10799522
355.405,60.85928807,7.10796653
355.41,60.85933083,7.10793805
355.415,60.859372,7.1079117
355.42,60.85941664,7.10788384
355.425,60.85945895,7.10785755
355.43,60.85950668,7.10781939
355.435,60.85954931,7.10780796
355.44,60.85958825,7.10778987
355.445,60.85963202,7.10777777
355.45,60.85967828,7.10777399
355.455,60.85972169,7.10776223
355.46,60.85976563,7.10775251
355.465,60.8598081,7.10774369
355.47,60.85985422,7.10773872
355.475,60.85990572,7.10774766
355.48,60.85995058,7.1077497
355.485,60.85999552,7.1077537
355.49,60.86004051,7.10775886
355.495,60.8600853,7.10776447
355.5,60.86013024,7.10777031
355.505,60.86017508,7.10777613
355.51,60.86021978,7.10778216
355.515,60.86026527,7.10778787
355.52,60.86030958,7.10779345
355.525,60.86035438,7.10779965
355.53,60.86039946,7.10780588
355.535,60.86044356,7.10781133
355.54,60.86048788,7.10781727
355.545,60.86053265,7.10782355
355.55,60.86057747,7.10782993
355.555,60.86062235,7.10783563
355.56,60.86066754,7.10784223
355.565,60.86071219,7.10784799
355.57,60.86075726,7.10785393
355.575,60.86080227,7.10785994
355.58,60.86084712,7.1078657
355.585,60.86089189,7.10787139
355.59,60.86093676,7.10787722
355.595,60.86098026,7.10788295
355.6,60.86102652,7.10788894
355.605,60.86107146,7.10789501
355.61,60.86111615,7.10790154
355.615,60.86116094,7.10790672
355.62,60.86120581,7.10791336
355.625,60.86125079,7.10792139
355.63,60.86129555,7.10792891
355.635,60.86134018,7.10793947
355.64,60.86138476,7.10795325
355.645,60.86143042,7.10796917
355.65,60.86147274,7.10798806
355.655,60.86151752,7.1080108
355.66,60.86156028,7.1080353
355.665,60.86160316,7.10806363
355.67,60.86164575,7.10809452
355.675,60.86168755,7.10812866
355.68,60.86172886,7.10816553
355.685,60.86176947,7.10820537
355.69,60.86180941,7.10824824
355.695,60.86184869,7.10829362
355.7,60.86188722,7.10834135
355.705,60.86192468,7.10839288
355.71,60.86196133,7.10844611
355.715,60.86199717,7.10850178
355.72,60.86203091,7.10855936
355.725,60.86206555,7.10862236
355.73,60.86209801,7.10868628
355.735,60.86212924,7.10875258
355.74,60.86215936,7.10882141
355.745,60.8621882,7.10889265
355.75,60.86221532,7.10896603
355.755,60.86224155,7.10904131
355.76,60.8622661,7.10911844
355.765,60.86228905,7.10919779
355.77,60.86231084,7.1092787
355.775,60.86233143,7.10936074
355.78,60.86235073,7.10944386
355.785,60.86236909,7.10952803
355.79,60.86238649,7.10961284
355.795,60.86240327,7.10969819
355.8,60.86241947,7.10978403
355.805,60.8624356,7.1098703
355.81,60.86245164,7.10995653
355.815,60.86246776,7.11004249
355.82,60.86248372,7.11012863
355.825,60.86249959,7.11021489
355.83,60.86251563,7.11030097
355.835,60.86253169,7.11038696
355.84,60.86254706,7.11047027
355.845,60.86256369,7.11055953
355.85,60.86257975,7.11064561
355.855,60.86259556,7.11073152
355.86,60.86261163,7.11081781
355.865,60.86262796,7.11090406
355.87,60.86264374,7.11098998
355.875,60.86265897,7.11107675
